{
  "gmm_Q0.5": {
    "kl": 0.3772761859565007,
    "ess": 0.009006911678208338
  },
  "gmm_Q1.0": {
    "kl": 1.0276379671639413,
    "ess": 0.00011226860119032868
  },
  "gmm_Q2.0": {
    "kl": 0.42065898681712177,
    "ess": 0.00010992275130122515
  },
  "ros_Q0.5": {
    "kl": 0.012870373743456643,
    "ess": 0.002557189698257562
  },
  "ros_Q1.0": {
    "kl": 0.011829418902721638,
    "ess": 0.0032343634990915815
  },
  "ros_Q2.0": {
    "kl": 0.011593321813071471,
    "ess": 0.003364702899950403
  },
  "gmm_nh": {
    "kl": 0.38277193839092
  },
  "gmm_nhc": {
    "kl": 0.5436797563206512
  },
  "ros_nh": {
    "kl": 0.012360041670672915
  },
  "ros_nhc": {
    "kl": 0.010291842707966785
  }
}