{
  "log_osc": {
    "ho_kl": 0.03642385346180044,
    "ho_erg": 0.5867919966517763,
    "dw_kl": 0.06341417041220675,
    "nan": false
  },
  "tanh_0.5": {
    "ho_kl": 0.08412435112702994,
    "ho_erg": 0.5346025838624852,
    "dw_kl": 0.08788493734505445,
    "nan": false
  },
  "tanh_1.0": {
    "ho_kl": 0.07585621027163428,
    "ho_erg": 0.5439705778509801,
    "dw_kl": 0.06413055713994656,
    "nan": false
  },
  "tanh_2.0": {
    "ho_kl": 0.03808456263894357,
    "ho_erg": 0.5823581154890385,
    "dw_kl": 0.06325385179597032,
    "nan": false
  },
  "tanh_5.0": {
    "ho_kl": 0.22570558319967107,
    "ho_erg": 0.43146056959328827,
    "dw_kl": 0.11888332307284386,
    "nan": false
  },
  "arctan": {
    "ho_kl": 0.07818229419676508,
    "ho_erg": 0.5758200820104064,
    "dw_kl": 0.08301346174363924,
    "nan": false
  },
  "soft_clip": {
    "ho_kl": 0.07870102116714255,
    "ho_erg": 0.5452779160865514,
    "dw_kl": 0.05968055431217354,
    "nan": false
  },
  "cubic_sat": {
    "ho_kl": 0.07584311162512822,
    "ho_erg": 0.5445139878113809,
    "dw_kl": 0.07776014267264418,
    "nan": false
  },
  "gaussian_damped_1.0": {
    "ho_kl": 0.08758601043560195,
    "ho_erg": 0.5289108226935866,
    "dw_kl": 1.108508464024515,
    "nan": false
  },
  "gaussian_damped_2.0": {
    "ho_kl": 0.07531600157774175,
    "ho_erg": 0.5488405236175365,
    "dw_kl": 0.6478292124460983,
    "nan": false
  },
  "standard_nh": {
    "ho_kl": 0.07662415262455315,
    "ho_erg": 0.5354532345727951,
    "dw_kl": 0.06475377118999678,
    "nan": false
  }
}