{
  "aniso_k10_Q0.3_NH_scalar": {
    "exp": "aniso",
    "kappa": 10,
    "Q": 0.3,
    "sampler": "NH_scalar",
    "kl_mean": 0.2848144903916714,
    "kl_std": 0.12247661191754383,
    "tau_mean": 127.1470437447744,
    "tau_std": 7.407123879707126,
    "ess_mean": 0.007102877641080953,
    "erg_mean": null,
    "erg_std": 0.0,
    "wall_mean": 5.11958893140157,
    "n_valid": 3,
    "errors": []
  },
  "aniso_k10_Q0.3_NHC_M3": {
    "exp": "aniso",
    "kappa": 10,
    "Q": 0.3,
    "sampler": "NHC_M3",
    "kl_mean": 0.15335327730723614,
    "kl_std": 0.003468589390999912,
    "tau_mean": 128.94492549351244,
    "tau_std": 0.906286795093749,
    "ess_mean": 0.006980109188387251,
    "erg_mean": null,
    "erg_std": 0.0,
    "wall_mean": 5.40982190767924,
    "n_valid": 3,
    "errors": []
  },
  "aniso_k10_Q0.3_TensorNH_linear": {
    "exp": "aniso",
    "kappa": 10,
    "Q": 0.3,
    "sampler": "TensorNH_linear",
    "kl_mean": 0.15300662741387305,
    "kl_std": 0.001235176214442459,
    "tau_mean": 130.97068654580244,
    "tau_std": 0.6308173150517262,
    "ess_mean": 0.0068719639565092494,
    "erg_mean": null,
    "erg_std": 0.0,
    "wall_mean": 10.263240019480387,
    "n_valid": 3,
    "errors": []
  },
  "aniso_k10_Q0.3_TensorNH_logosc": {
    "exp": "aniso",
    "kappa": 10,
    "Q": 0.3,
    "sampler": "TensorNH_logosc",
    "kl_mean": 0.21497009130868358,
    "kl_std": 0.03209726255410164,
    "tau_mean": 121.94547779435722,
    "tau_std": 1.6745586428423052,
    "ess_mean": 0.007381780691134733,
    "erg_mean": null,
    "erg_std": 0.0,
    "wall_mean": 10.57439629236857,
    "n_valid": 3,
    "errors": []
  },
  "aniso_k10_Q1.0_NH_scalar": {
    "exp": "aniso",
    "kappa": 10,
    "Q": 1.0,
    "sampler": "NH_scalar",
    "kl_mean": 0.42703149770088394,
    "kl_std": 0.15045250868811735,
    "tau_mean": 125.06685497897824,
    "tau_std": 1.7931775892775366,
    "ess_mean": 0.007197659592262258,
    "erg_mean": null,
    "erg_std": 0.0,
    "wall_mean": 4.944875717163086,
    "n_valid": 3,
    "errors": []
  },
  "aniso_k10_Q1.0_NHC_M3": {
    "exp": "aniso",
    "kappa": 10,
    "Q": 1.0,
    "sampler": "NHC_M3",
    "kl_mean": 0.1528981711162216,
    "kl_std": 0.007711743493941144,
    "tau_mean": 127.13722203236051,
    "tau_std": 0.2796873243753797,
    "ess_mean": 0.007079039067290022,
    "erg_mean": null,
    "erg_std": 0.0,
    "wall_mean": 5.230403025945027,
    "n_valid": 3,
    "errors": []
  },
  "aniso_k10_Q1.0_TensorNH_linear": {
    "exp": "aniso",
    "kappa": 10,
    "Q": 1.0,
    "sampler": "TensorNH_linear",
    "kl_mean": 0.18573419194080235,
    "kl_std": 0.018854011215702585,
    "tau_mean": 127.80710197608637,
    "tau_std": 1.3617232913553874,
    "ess_mean": 0.00704270651042449,
    "erg_mean": null,
    "erg_std": 0.0,
    "wall_mean": 10.072101593017578,
    "n_valid": 3,
    "errors": []
  },
  "aniso_k10_Q1.0_TensorNH_logosc": {
    "exp": "aniso",
    "kappa": 10,
    "Q": 1.0,
    "sampler": "TensorNH_logosc",
    "kl_mean": 0.1543786066984609,
    "kl_std": 0.016693121559806557,
    "tau_mean": 127.48419546465146,
    "tau_std": 0.0924637227454036,
    "ess_mean": 0.007059741563515542,
    "erg_mean": null,
    "erg_std": 0.0,
    "wall_mean": 8.297765096028646,
    "n_valid": 3,
    "errors": []
  },
  "aniso_k10_Q3.0_NH_scalar": {
    "exp": "aniso",
    "kappa": 10,
    "Q": 3.0,
    "sampler": "NH_scalar",
    "kl_mean": 0.47821019202528775,
    "kl_std": 0.13812930480930322,
    "tau_mean": 125.80552342732386,
    "tau_std": 0.5148348623834554,
    "ess_mean": 0.007154058243348939,
    "erg_mean": null,
    "erg_std": 0.0,
    "wall_mean": 3.8170336882273355,
    "n_valid": 3,
    "errors": []
  },
  "aniso_k10_Q3.0_NHC_M3": {
    "exp": "aniso",
    "kappa": 10,
    "Q": 3.0,
    "sampler": "NHC_M3",
    "kl_mean": 0.4293159615326027,
    "kl_std": 0.3733283786096571,
    "tau_mean": 126.51001674896717,
    "tau_std": 0.21734429299228156,
    "ess_mean": 0.0071141217252418286,
    "erg_mean": null,
    "erg_std": 0.0,
    "wall_mean": 4.010085900624593,
    "n_valid": 3,
    "errors": []
  },
  "aniso_k10_Q3.0_TensorNH_linear": {
    "exp": "aniso",
    "kappa": 10,
    "Q": 3.0,
    "sampler": "TensorNH_linear",
    "kl_mean": 0.3105814448091358,
    "kl_std": 0.07721396553628769,
    "tau_mean": 124.29788602570738,
    "tau_std": 0.27704963339864497,
    "ess_mean": 0.007240746352750416,
    "erg_mean": null,
    "erg_std": 0.0,
    "wall_mean": 7.688347578048706,
    "n_valid": 3,
    "errors": []
  },
  "aniso_k10_Q3.0_TensorNH_logosc": {
    "exp": "aniso",
    "kappa": 10,
    "Q": 3.0,
    "sampler": "TensorNH_logosc",
    "kl_mean": 0.24605391156308634,
    "kl_std": 0.059018829710501305,
    "tau_mean": 122.73958261341153,
    "tau_std": 0.15354668206144062,
    "ess_mean": 0.007332650055557832,
    "erg_mean": null,
    "erg_std": 0.0,
    "wall_mean": 7.993310848871867,
    "n_valid": 3,
    "errors": []
  },
  "aniso_k100_Q0.3_NH_scalar": {
    "exp": "aniso",
    "kappa": 100,
    "Q": 0.3,
    "sampler": "NH_scalar",
    "kl_mean": 0.6930101968917954,
    "kl_std": 0.18041106449983893,
    "tau_mean": 40.627317692201196,
    "tau_std": 0.6225990529974409,
    "ess_mean": 0.022157966048887992,
    "erg_mean": null,
    "erg_std": 0.0,
    "wall_mean": 3.6992639700571694,
    "n_valid": 3,
    "errors": []
  },
  "aniso_k100_Q0.3_NHC_M3": {
    "exp": "aniso",
    "kappa": 100,
    "Q": 0.3,
    "sampler": "NHC_M3",
    "kl_mean": 0.08321215832614937,
    "kl_std": 0.0062304930545556995,
    "tau_mean": 40.04547915197717,
    "tau_std": 0.006142466781368729,
    "ess_mean": 0.022474572416959618,
    "erg_mean": null,
    "erg_std": 0.0,
    "wall_mean": 3.963674306869507,
    "n_valid": 3,
    "errors": []
  },
  "aniso_k100_Q0.3_TensorNH_linear": {
    "exp": "aniso",
    "kappa": 100,
    "Q": 0.3,
    "sampler": "TensorNH_linear",
    "kl_mean": 0.6109113074613449,
    "kl_std": 0.6079624386028673,
    "tau_mean": 40.68465035476313,
    "tau_std": 0.19689920563353752,
    "ess_mean": 0.022122007806336736,
    "erg_mean": null,
    "erg_std": 0.0,
    "wall_mean": 7.650802373886108,
    "n_valid": 3,
    "errors": []
  },
  "aniso_k100_Q0.3_TensorNH_logosc": {
    "exp": "aniso",
    "kappa": 100,
    "Q": 0.3,
    "sampler": "TensorNH_logosc",
    "kl_mean": 1.4002571678918077,
    "kl_std": 0.9206519191809268,
    "tau_mean": 39.68271155207531,
    "tau_std": 0.12441889875299622,
    "ess_mean": 0.022680251036515078,
    "erg_mean": null,
    "erg_std": 0.0,
    "wall_mean": 8.251436392466227,
    "n_valid": 3,
    "errors": []
  },
  "aniso_k100_Q1.0_NH_scalar": {
    "exp": "aniso",
    "kappa": 100,
    "Q": 1.0,
    "sampler": "NH_scalar",
    "kl_mean": 0.8073488344963445,
    "kl_std": 0.2803625819319129,
    "tau_mean": 40.124686664057485,
    "tau_std": 0.15847858630272604,
    "ess_mean": 0.022430557199116602,
    "erg_mean": null,
    "erg_std": 0.0,
    "wall_mean": 3.738976319630941,
    "n_valid": 3,
    "errors": []
  },
  "aniso_k100_Q1.0_NHC_M3": {
    "exp": "aniso",
    "kappa": 100,
    "Q": 1.0,
    "sampler": "NHC_M3",
    "kl_mean": 0.10320655644436699,
    "kl_std": 0.0081392873292784,
    "tau_mean": 39.981024010886365,
    "tau_std": 0.006975098705865059,
    "ess_mean": 0.022510804804567658,
    "erg_mean": null,
    "erg_std": 0.0,
    "wall_mean": 4.09177041053772,
    "n_valid": 3,
    "errors": []
  },
  "aniso_k100_Q1.0_TensorNH_linear": {
    "exp": "aniso",
    "kappa": 100,
    "Q": 1.0,
    "sampler": "TensorNH_linear",
    "kl_mean": 0.8862694940412129,
    "kl_std": 0.47089769943764825,
    "tau_mean": 40.06084782802548,
    "tau_std": 0.23174742669639528,
    "ess_mean": 0.02246670455830886,
    "erg_mean": null,
    "erg_std": 0.0,
    "wall_mean": 7.93849500020345,
    "n_valid": 3,
    "errors": []
  },
  "aniso_k100_Q1.0_TensorNH_logosc": {
    "exp": "aniso",
    "kappa": 100,
    "Q": 1.0,
    "sampler": "TensorNH_logosc",