{
  "sine": {
    "NH-CNF": {
      "nll_mean": 1.1762124300003052,
      "nll_std": 0.12296461646169336,
      "cov_mean": 1.0,
      "cov_std": 0.0,
      "wall_mean": 3.534650723139445
    },
    "SGLD": {
      "nll_mean": 1.600419243176778,
      "nll_std": 0.5303776156259492,
      "cov_mean": 0.799999992052714,
      "cov_std": 0.04330126330667039,
      "wall_mean": 1.791943868001302
    }
  },
  "boston-like": {
    "NH-CNF": {
      "nll_mean": 1.3201491435368855,
      "nll_std": 0.09541866411475967,
      "cov_mean": 0.9861111044883728,
      "cov_std": 0.024056272687153643,
      "wall_mean": 3.763078292210897
    },
    "SGLD": {
      "nll_mean": 0.947664717833201,
      "nll_std": 0.13159049646210677,
      "cov_mean": 0.9791666666666666,
      "cov_std": 0.03608439182435161,
      "wall_mean": 1.8934454917907715
    }
  },
  "concrete-like": {
    "NH-CNF": {
      "nll_mean": 1.3731930653254192,
      "nll_std": 0.07819561480501402,
      "cov_mean": 1.0,
      "cov_std": 0.0,
      "wall_mean": 3.8879876136779785
    },
    "SGLD": {
      "nll_mean": 0.9145145813624064,
      "nll_std": 0.021414183985844642,
      "cov_mean": 1.0,
      "cov_std": 0.0,
      "wall_mean": 1.9252115885416667
    }
  }
}