{
  "harmonic_1d": {
    "kl": 0.0026219099723353277,
    "ergodicity": 0.9069091963593336,
    "ess_per_fe": 0.0021924494916761455,
    "ttt": 400000,
    "dt": 0.005,
    "kl_trace": [
      [
        150000,
        0.023307841198813854
      ],
      [
        150001,
        0.02330724457242534
      ],
      [
        150002,
        0.0233066773300706
      ],
      [
        200000,
        0.017368088094448356
      ],
      [
        200001,
        0.01736770764369612
      ],
      [
        200002,
        0.01736732914799838
      ],
      [
        250000,
        0.015513022042477051
      ],
      [
        250001,
        0.01551111197241285
      ],
      [
        250002,
        0.015509207170077012
      ],
      [
        300000,
        0.01250327452077732
      ],
      [
        300001,
        0.012503756143699274
      ],
      [
        300002,
        0.012504238181559737
      ],
      [
        350000,
        0.010401509496489644
      ],
      [
        350001,
        0.010401648251078466
      ],
      [
        350002,
        0.010401787246652278
      ],
      [
        400000,
        0.009125266467911994
      ],
      [
        400001,
        0.00912525815431783
      ],
      [
        400002,
        0.009125250006360452
      ],
      [
        450000,
        0.007313870174665511
      ],
      [
        450001,
        0.00731443766410205
      ],
      [
        450002,
        0.007315006067365359
      ],
      [
        500000,
        0.006183942330922851
      ],
      [
        500001,
        0.006184173516607098
      ],
      [
        500002,
        0.0061844048024809395
      ],
      [
        550000,
        0.005091555792786552
      ],
      [
        550001,
        0.00509137556831344
      ],
      [
        550002,
        0.005091195458296709
      ],
      [
        600000,
        0.0041600629656399525
      ],
      [
        600001,
        0.004160142152420349
      ],
      [
        600002,
        0.004160221399495633
      ],
      [
        650000,
        0.00458482486938819
      ],
      [
        650001,
        0.004584796004112854
      ],
      [
        650002,
        0.0045847671909104645
      ],
      [
        700000,
        0.0040460255839623455
      ],
      [
        700001,
        0.004045967953477729
      ],
      [
        700002,
        0.004045910366253993
      ],
      [
        750000,
        0.0032727501298509772
      ],
      [
        750001,
        0.0032724407278600463
      ],
      [
        750002,
        0.003272131813940228
      ],
      [
        800000,
        0.0029263201882342364
      ],
      [
        800001,
        0.002926311537418609
      ],
      [
        800002,
        0.0029263029371095874
      ],
      [
        850000,
        0.002638459488092044
      ],
      [
        850001,
        0.0026382533029202584
      ],
      [
        850002,
        0.002638047368758058
      ],
      [
        900000,
        0.002513547862713918
      ],
      [
        900001,
        0.0025135550314632805
      ],
      [
        900002,
        0.002513562226606394
      ],
      [
        950000,
        0.0022240903819878335
      ],
      [
        950001,
        0.002223958018637388
      ],
      [
        950002,
        0.0022238257589100624
      ],
      [
        1000000,
        0.00202219162224959
      ]
    ],
    "wall_seconds": 21.59921097755432,
    "n_samples": 900001
  },
  "double_well_2d": {
    "kl": 0.007067359799863487,
    "ergodicity": null,
    "ess_per_fe": 0.0051910422127056585,
    "ttt": 400000,
    "dt": 0.055,
    "kl_trace": [
      [
        150000,
        0.06486804644112486
      ],
      [
        150001,
        0.0648698641577401
      ],
      [
        150002,
        0.06487218142378608
      ],
      [
        200000,
        0.03332266423126701
      ],
      [
        200001,
        0.03332268222324952
      ],
      [
        200002,
        0.033322805376821245
      ],
      [
        250000,
        0.01589457565482274
      ],
      [
        250001,
        0.015892621993059165
      ],
      [
        250002,
        0.015886072181201402
      ],
      [
        300000,
        0.012092352585919734
      ],
      [
        300001,
        0.012091724766172516
      ],
      [
        300002,
        0.012091760443577609
      ],
      [
        350000,
        0.010428441621357613
      ],
      [
        350001,
        0.0104278024941578
      ],
      [
        350002,
        0.010427598291820848
      ],
      [
        400000,
        0.009108412533663372
      ],
      [
        400001,
        0.009108939355715193
      ],
      [
        400002,
        0.009109493263442528
      ],
      [
        450000,
        0.008737510716991798
      ],
      [
        450001,
        0.008737435044187449
      ],
      [
        450002,
        0.008737131197987632
      ],
      [
        500000,
        0.007684489423986549
      ],
      [
        500001,
        0.007684547951330036
      ],
      [
        500002,
        0.007684506523842583
      ],
      [
        550000,
        0.006424761070857541
      ],
      [
        550001,
        0.006424994363703697
      ],
      [
        550002,
        0.006424790854374342
      ],
      [
        600000,
        0.00600551587883434
      ],
      [
        600001,
        0.006005558620241032
      ],
      [
        600002,
        0.006005635856908576
      ],
      [
        650000,
        0.005300838410988233
      ],
      [
        650001,
        0.005300933907447549
      ],
      [
        650002,
        0.00530103159611418
      ],
      [
        700000,
        0.004860808961799953
      ],
      [
        700001,
        0.0048608432703900984
      ],
      [
        700002,
        0.004860859287829297
      ],
      [
        750000,
        0.004630097388210788
      ],
      [
        750001,
        0.004630193145349976
      ],
      [
        750002,
        0.0046301497757709935
      ],
      [
        800000,
        0.004201344178381137
      ],
      [
        800001,
        0.004201404248537278
      ],
      [
        800002,
        0.004201465680917975
      ],
      [
        850000,
        0.0038543123079235065
      ],
      [
        850001,
        0.0038543804554651956
      ],
      [
        850002,
        0.0038544517756408676
      ],
      [
        900000,
        0.0036836056275771295
      ],
      [
        900001,
        0.0036834243820237688
      ],
      [
        900002,
        0.0036833483352118534
      ],
      [
        950000,
        0.0033670706959506845
      ],
      [
        950001,
        0.003367104325068526
      ],
      [
        950002,
        0.0033670172115923026
      ],
      [
        1000000,
        0.0031105467304942546
      ]
    ],
    "wall_seconds": 23.384454011917114,
    "n_samples": 900001
  },
  "gaussian_mixture_2d": {
    "kl": 0.03236050192439837,
    "ergodicity": null,
    "ess_per_fe": 0.00011097354498296099,
    "ttt": null,
    "dt": 0.03,