{
  "psd_slopes": {
    "N3": {
      "alpha_broad": 1.5633331526325032,
      "alpha_dh": 1.6437634293302936,
      "rho_xi01": 0.9999999999999998
    },
    "N5": {
      "alpha_broad": 1.2009839068881831,
      "alpha_dh": 1.0293793186465656,
      "rho_xi01": 1.0000000000000002
    },
    "N10": {
      "alpha_broad": 0.32320795989738915,
      "alpha_dh": -0.6097576552972437,
      "rho_xi01": 0.9999999999999994
    },
    "N20": {
      "alpha_broad": -0.8785480345153662,
      "alpha_dh": -1.6150778049157604,
      "rho_xi01": 0.9999999999999998
    }
  },
  "xi_correlations": {},
  "cross_corr_uniformity": {
    "row_variation": 1.1011845544771898e-15,
    "col_variation": 0.005207164866227685,
    "rows_uniform": true
  },
  "elapsed_sec": 239.0009422302246
}