{
  "speedups": {
    "k=1,Q=0.1": 1.0282616096582757,
    "k=1,Q=1.0": 1.021033273567046,
    "k=1,Q=10.0": 0.9990091430455392,
    "k=10,Q=0.1": 1.3546043229305997,
    "k=10,Q=1.0": 1.0189817370168055
  },
  "mean_speedup": 1.0843780172436532
}