{
  "tanh_a0.500_Q0.1": {
    "tau": 1.0604215905445842,
    "tau_std": 0.03749530294320712
  },
  "tanh_a1.000_Q0.1": {
    "tau": 1.0533059509594156,
    "tau_std": 0.059530419442070125
  },
  "tanh_a1.414_Q0.1": {
    "tau": 1.0619962364890971,
    "tau_std": 0.05338450960817022
  },
  "tanh_a2.000_Q0.1": {
    "tau": 1.068460487062858,
    "tau_std": 0.05502000070052017
  },
  "tanh_a4.000_Q0.1": {
    "tau": 1.0570121643117665,
    "tau_std": 0.053959708911801074
  },
  "losc_a2.000_Q0.1": {
    "tau": 0.9991116582555307,
    "tau_std": 0.00010993311613113511
  },
  "tanh_a0.500_Q1.0": {
    "tau": 1.0412055586532625,
    "tau_std": 0.05093191815283201
  },
  "tanh_a1.000_Q1.0": {
    "tau": 1.0768164940573428,
    "tau_std": 0.04880039022415752
  },
  "tanh_a1.414_Q1.0": {
    "tau": 1.0976669056823734,
    "tau_std": 0.04050384945585857
  },
  "tanh_a2.000_Q1.0": {
    "tau": 1.0868929978953834,
    "tau_std": 0.02267053477732819
  },
  "tanh_a4.000_Q1.0": {
    "tau": 1.0963054462334347,
    "tau_std": 0.03249483133458683
  },
  "losc_a2.000_Q1.0": {
    "tau": 1.0644101097644902,
    "tau_std": 0.005488807884873176
  },
  "tanh_a0.500_Q10.0": {
    "tau": 1.0054041394946536,
    "tau_std": 0.00825844845882651
  },
  "tanh_a1.000_Q10.0": {
    "tau": 1.0142777200626236,
    "tau_std": 0.014809637925920108
  },
  "tanh_a1.414_Q10.0": {
    "tau": 1.0229285838384397,
    "tau_std": 0.01843765073292959
  },
  "tanh_a2.000_Q10.0": {
    "tau": 1.0343966191310052,
    "tau_std": 0.023695979285962045
  },
  "tanh_a4.000_Q10.0": {
    "tau": 1.0781685088220936,
    "tau_std": 0.035189454828402376
  },
  "losc_a2.000_Q10.0": {
    "tau": 1.03759124018806,
    "tau_std": 0.02504226623738336
  }
}