{
  "1": {
    "Qs": [
      3.1622776601683795
    ],
    "kls": [
      2.7398018258466847,
      2.631597667340405,
      0.41154005544246663
    ],
    "mean": 1.9276465162098522,
    "std": 1.0729588793813642
  },
  "2": {
    "Qs": [
      0.01,
      1000.0
    ],
    "kls": [
      1.1977879124642117,
      2.8080457460223953,
      0.6606214522906515
    ],
    "mean": 1.555485036925753,
    "std": 0.9124392944057014
  },
  "3": {
    "Qs": [
      0.01,
      3.1622776601683795,
      1000.0
    ],
    "kls": [
      0.23650970358109133,
      0.31020724603972366,
      0.36048958043381957
    ],
    "mean": 0.3024021766848782,
    "std": 0.05091458073302693
  },
  "5": {
    "Qs": [
      0.01,
      0.1778279410038923,
      3.1622776601683795,
      56.23413251903491,
      1000.0
    ],
    "kls": [
      0.25092356367498037,
      0.2511678243567722,
      0.48952613870849876
    ],
    "mean": 0.3305391755800838,
    "std": 0.1124208039745229
  },
  "7": {
    "Qs": [
      0.01,
      0.06812920690579616,
      0.464158883361278,
      3.1622776601683795,
      21.544346900318846,
      146.77992676220705,
      1000.0
    ],
    "kls": [
      0.282740360364827,
      0.19017362349809908,
      0.35694773085328513
    ],
    "mean": 0.27662057157207043,
    "std": 0.06822262372644793
  },
  "10": {
    "Qs": [
      0.01,
      0.03593813663804628,
      0.1291549665014884,
      0.464158883361278,
      1.6681005372000592,
      5.994842503189409,
      21.544346900318846,
      77.42636826811278,
      278.2559402207126,
      1000.0
    ],
    "kls": [
      0.25046078742017036,
      0.23330569275602703,
      0.35346148285681983
    ],
    "mean": 0.27907598767767244,
    "std": 0.05306270339902377
  }
}