{
  "0": {
    "A": 1.5708607502268448,
    "tau": 0.1757180608829024,
    "Q": 0.1,
    "f_corner": 0.9057403791745424
  },
  "1": {
    "A": 2.670227728375385,
    "tau": 0.4143638401461436,
    "Q": 1.0,
    "f_corner": 0.3840946715711544
  },
  "2": {
    "A": 0.11121344983062023,
    "tau": 0.48199662704583907,
    "Q": 10.0,
    "f_corner": 0.3301992880476305
  }
}