{
  "spectral_matched": {
    "Qs": [
      6303.212147970131,
      63032.12147970131,
      630321.2147970131
    ],
    "kls": [
      2.1546637193665474,
      2.220663310477303,
      0.7291443809218336,
      2.15054177261408,
      1.9119378247278411
    ],
    "mean_kl": 1.8333902016215209,
    "std_kl": 0.5620161589596002
  },
  "log_spaced_champion": {
    "Qs": [
      0.1,
      0.7,
      10.0
    ],
    "kls": [
      0.1072823887418931,
      0.12457103219814192,
      0.05423564734975707,
      0.0797965241607268,
      0.15751465422928562
    ],
    "mean_kl": 0.1046800493359609,
    "std_kl": 0.03565878954965582
  },
  "wide_log_spaced": {
    "Qs": [
      0.01,
      3.162,
      1000.0
    ],
    "kls": [
      0.18768015484480072,
      0.364538953414367,
      0.24506652640209348,
      0.314063889345376,
      0.09451352841430954
    ],
    "mean_kl": 0.2411726104841893,
    "std_kl": 0.09478173331087893
  }
}