{
  "nhc_score": 0.25,
  "ms_score": 0.4,
  "delta": 0.15000000000000002,
  "kappas": [
    1.0,
    1.4125375446227544,
    1.9952623149688797,
    2.8183829312644537,
    3.981071705534973,
    5.623413251903491,
    7.943282347242813,
    11.220184543019629,
    15.848931924611142,
    22.3872113856834,
    31.622776601683793,
    44.668359215096324,
    63.0957344480193,
    89.12509381337459,
    125.89254117941661,
    177.82794100389228,
    251.18864315095823,
    354.8133892335753,
    501.18723362727246,
    707.9457843841374
  ],
  "expected_var": [
    1.0,
    0.7079457843841379,
    0.5011872336272722,
    0.35481338923357547,
    0.25118864315095796,
    0.17782794100389226,
    0.12589254117941676,
    0.08912509381337459,
    0.0630957344480193,
    0.0446683592150963,
    0.03162277660168379,
    0.02238721138568339,
    0.01584893192461114,
    0.01122018454301963,
    0.007943282347242822,
    0.005623413251903491,
    0.003981071705534969,
    0.002818382931264455,
    0.001995262314968879,
    0.0014125375446227555
  ],
  "nhc_obs_var": [
    0.2509130313820277,
    0.7490387726028734,
    0.3632389833469204,
    0.41283417246320037,
    0.22238499917719637,
    0.2135026559785419,
    0.15284144495418403,
    0.08967826574526239,
    0.05716910393023498,
    0.028045762884258772,
    0.04894571605482715,
    0.040218784145389534,
    0.004615463993194227,
    0.01798076262159469,
    0.004142494541403448,
    0.010271487146311663,
    0.0004542742242872811,
    0.004061065450613067,
    0.002687854970417194,
    0.0005438550485179524
  ],
  "ms_obs_var": [
    0.7819781345390308,
    0.7103328768712308,
    0.4357159813541573,
    0.3756329953448807,
    0.28516709606755813,
    0.16260874246131388,
    0.14232829195110597,
    0.08754787588790544,
    0.044751810013639384,
    0.00629849517763959,
    0.04815763036784873,
    0.03142591277721949,
    0.022085834408650244,
    0.015006810066381224,
    0.00424935958972401,
    0.004470415007603927,
    0.000693896107514261,
    0.006514487000967969,
    0.002173743125037064,
    0.0009123975037536046
  ],
  "nhc_rel_err": [
    0.7490869686179723,
    0.05804538867970445,
    0.27524294520028125,
    0.16352478511296967,
    0.1146693720402452,
    0.20061366494632468,
    0.21406275163165409,
    0.006206691159799736,
    0.09393076361868663,
    0.372133577837345,
    0.5477994444112468,
    0.7965070974006806,
    0.7087839095310223,
    0.6025371554856459,
    0.4784908353608579,
    0.8265574102765483,
    0.8858914739828238,
    0.4409203964313991,
    0.3471185970147077,
    0.6149801110856851
  ],
  "ms_rel_err": [
    0.21802186546096924,
    0.0033718577605056305,
    0.13063232237436687,
    0.05867762249975178,
    0.13527065750412925,
    0.0855838427676856,
    0.13055380896844135,
    0.01769667618832246,
    0.29073160959069827,
    0.8589942570464749,
    0.5228779867889438,
    0.40374396059512563,
    0.3935219429111232,
    0.3374833550057207,
    0.4650373228645212,
    0.2050353037648942,
    0.8257011782657614,
    1.311427211931515,
    0.0894523034536284,
    0.35407203353502553
  ],
  "n_samples_nhc": 799999,
  "n_samples_ms": 799999,
  "dt": 0.0018791870214422217,
  "d": 20
}