{
  "10": {
    "nhc_score": 0.0,
    "ms_score": 0.0,
    "nhc_q_var_mean": 1.0262105198188083,
    "nhc_p_var_mean": 1.0024357195520313,
    "ms_q_var_mean": 1.0079388440420065,
    "ms_p_var_mean": 1.0008642786070543,
    "nhc_q_var": [
      0.7392041891223937,
      1.4246725815250414,
      0.3223463224200318,
      1.489371515058513,
      2.673970780667999,
      1.4332762985191854,
      0.12997868790863754,
      0.876609697170687,
      0.7538687909514409,
      0.41880633484415386
    ],
    "ms_q_var": [
      0.7205966629688232,
      1.4030841886043386,
      0.3188127676222635,
      1.4547825652472905,
      2.6446267763013083,
      1.4062981976229685,
      0.12670682715300896,
      0.8545381749660236,
      0.7356447043693264,
      0.4142975755647139
    ],
    "nhc_mean_rel_err_q": 0.5780477153353393,
    "ms_mean_rel_err_q": 0.5738195015131746,
    "n_samples": 449998
  },
  "50": {
    "nhc_score": 0.04,
    "ms_score": 0.04,
    "nhc_q_var_mean": 1.0119118406241108,
    "nhc_p_var_mean": 1.0001760658970407,
    "ms_q_var_mean": 1.000544986000728,
    "ms_p_var_mean": 1.0000140863428797,
    "nhc_q_var": [
      0.15912424969533245,
      1.1964786358737418,
      2.130975157142512,
      0.8184121644977714,
      3.5771193532841075,
      1.8954796720217038,
      0.07315068605722455,
      1.888947036929512,
      0.6233709935874094,
      1.318903520454319,
      2.859195384910279,
      0.5888279448289612,
      0.0268876857463294,
      1.4557405500354255,
      0.6442271857837576,
      1.0881047454621287,
      0.20478112484901723,
      1.0207056062999,
      1.3590945106524175,
      0.03352447275830333,
      1.4041413937900242,
      1.5489133455625161,
      1.8745132987033895,
      0.21738291042934746,
      0.16911769519603378,
      0.4766210109214866,
      0.3723098692467919,
      0.14266026827547906,
      0.49961056347192173,
      0.2257596457399745,
      4.24851493203504,
      0.5350772137915634,
      0.3563572634854048,
      0.7273898314329902,
      1.435301764391809,
      1.3589194317456772,
      0.19965669297301009,
      0.6100894139010374,
      0.7376835564733485,
      0.5628605164869592,
      0.8982862656738941,
      0.2577183659607317,
      0.5621587605907644,
      0.049949281851645794,
      2.3513239598110407,
      1.7438321558479994,
      1.9846079153065064,
      0.8439803090378378,
      0.5606034372116654,
      0.6772002809894915
    ],
    "ms_q_var": [
      0.1572307455631914,
      1.183472713199963,
      2.1086155875104167,
      0.8092546216137118,
      3.5346252964051135,
      1.8727839099281123,
      0.07238243727161725,
      1.868829638599316,
      0.6165617857572953,
      1.3049849051320928,
      2.8291975649552374,
      0.582309487367849,
      0.026579779771128558,
      1.438306105509143,
      0.63669103699994,
      1.0765320092479633,
      0.2026054168014594,
      1.008485143960828,
      1.3429345059654099,
      0.033146809827862805,
      1.3885536512692123,
      1.530865738477659,
      1.8543747499798287,
      0.21508488431128295,
      0.16722367516945666,
      0.4716196609433499,
      0.36832351269736174,
      0.14095349366903726,
      0.49376520341302554,
      0.22332820972466133,
      4.198127744749478,
      0.5288366115074555,
      0.35209396798342674,
      0.7186824943235499,
      1.4202416674178446,
      1.3426622141043087,
      0.19741253034964124,
      0.6029925840930975,
      0.7296469190132432,
      0.556124578284781,
      0.8875817709357623,
      0.25477765005605146,
      0.5554275441809814,
      0.049390616734730414,
      2.32591462556692,
      1.725154490052744,
      1.9637816242810062,
      0.8350016025576981,
      0.5538889764348189,
      0.6698868063663358
    ],
    "nhc_mean_rel_err_q": 0.6977206541862913,
    "ms_mean_rel_err_q": 0.6921927694517759,
    "n_samples": 449998
  },
  "100": {
    "nhc_score": 0.1,
    "ms_score": 0.11,
    "nhc_q_var_mean": 1.0211289920854043,
    "nhc_p_var_mean": 1.0001432178754497,
    "ms_q_var_mean": 1.0026774657660302,
    "ms_p_var_mean": 1.0001387818603251,
    "nhc_q_var": [
      0.17226469905049585,
      2.0197833494508575,
      0.5873365780506281,
      0.9651102097035974,
      3.5069382915026592,
      1.4450306017160535,
      0.5192439606340826,
      0.13435943193175806,
      0.38500914337994435,
      2.052246828209429,
      0.7172348111885468,
      0.5264274417392475,
      0.2002753725470318,
      2.4370015687514144,
      0.18622830124450615,
      0.727441303181706,
      0.13506153115444355,
      0.7929163550453806,
      1.8719936637328125,
      0.03166216735978495,
      0.5729326198409421,
      0.4316067505770893,
      1.2754609519821323,
      1.049604671189997,
      0.5822033575537915,
      0.19188836341246626,
      1.3037015054546366,
      0.9374230270176044,
      0.4025385939123403,
      0.6768053861000015,
      4.1311985710608505,
      1.09720726312849,
      0.48638343594816263,
      0.5722847671248387,
      1.616591172465535,
      1.8030051861225358,
      0.06909021974644107,
      1.0786618301767512,
      2.9595779973343213,
      4.722471715483607,
      0.5278202876202325,
      0.8541547119919499,
      2.6617399602336245,
      0.0771174736007707,
      0.38239356795647783,
      0.14642306745210168,
      0.924746362163456,
      0.057783040727513064,
      0.9184250266592456,
      0.015923639442396435,
      0.09140798229872485,
      1.0088094504857947,
      3.028845561424882,
      0.19589845164585395,
      0.18837455445285925,
      2.1921197413337734,
      0.07888978733259318,
      2.2533655996632977,
      0.7232249941702863,
      1.7156796932210097,
      2.727733857089768,
      0.35010015851077547,
      2.434737627413486,
      0.7235505881864651,
      0.7385684901311302,
      1.075732263248207,
      0.6172236636244688,
      0.287092365092806,
      0.6631586681654248,
      0.03133252356859436,
      1.5223826365297957,
      1.2768660965635077,
      0.7843481545539798,
      1.1059486307826394,
      0.9266847984971776,
      0.41031858146450567,
      1.5965576668206032,
      0.032188164282063086,
      0.3534895669712099,
      0.1379820280680373,
      1.0269171545230982,
      0.42135289769275297,
      0.18547867072978322,
      0.8436618108445637,
      1.3947540444101783,
      1.3858655686025194,
      0.21865881381135926,
      0.8152197310907424,
      1.2989540779828086,
      1.553853342460933,
      1.8429305321815623,
      0.023518560126311375,
      0.2125456906964171,
      1.1788433569551808,
      2.8685540239569773,
      2.065461931434943,
      1.8378424359031666,
      0.8878514188122775,
      0.13758691101322423,
      0.6997057566632262
    ],