{
  "massive_Q100": {
    "mean_abs_rho": 0.16571707397971785,
    "max_abs_rho": 0.967178996305549,
    "tau_int_median": 12.017513636693334,
    "tau_int_iqr": 14.509080872958041,
    "taus": [
      12.017513636693334,
      4.9466744036117305,
      19.703501156906363,
      23.31585524073818,
      5.194420283948323
    ]
  },
  "massive_Qspread": {
    "mean_abs_rho": 0.014892327168772845,
    "max_abs_rho": 0.32778501894086237,
    "tau_int_median": 17.12662853846525,
    "tau_int_iqr": 25.494287092282413,
    "taus": [
      17.12662853846525,
      4.9471300514371555,
      36.61262620599277,
      30.689849374813615,
      5.195562282531203
    ]
  },
  "groups5_Q100": {
    "mean_abs_rho": 0.12330756936578498,
    "max_abs_rho": 0.4151770248887398,
    "tau_int_median": 4.593787755871938,
    "tau_int_iqr": 0.9261436522519491,
    "taus": [
      4.253624044581116,
      4.593787755871938,
      4.398503141979207,
      14.263394372245731,
      5.324646794231156
    ]
  },
  "groups5_Qspread": {
    "mean_abs_rho": 0.009675158355674219,
    "max_abs_rho": 0.050316087407480385,
    "tau_int_median": 4.593462008041952,
    "tau_int_iqr": 0.9254449187858809,
    "taus": [
      4.253255138766707,
      4.593462008041952,
      4.399250864562747,
      14.263753358142319,
      5.324695783348628
    ]
  },
  "shared_K": {
    "tau_int_median": 4.158937918330823,
    "taus": [
      4.104885626466207,
      4.25637898494831,
      4.158937918330823,
      4.4339417246508175,
      4.064893222442231
    ],
    "mean_abs_rho": 1.0,
    "max_abs_rho": 1.0
  }
}