{
  "exp1_correlation": {
    "corr_permode": [
      [
        1.0,
        0.00038267463837649636,
        0.006571952077131017,
        -0.001891469925061412,
        0.01307958041563296
      ],
      [
        0.00038267463837649636,
        1.0,
        -0.9410417906814651,
        -0.07124638783875098,
        0.18840010353995865
      ],
      [
        0.006571952077131017,
        -0.941041790681465,
        0.9999999999999999,
        -0.08577262295883697,
        -0.17968036046022864
      ],
      [
        -0.001891469925061412,
        -0.07124638783875097,
        -0.08577262295883699,
        1.0,
        0.6710731416093411
      ],
      [
        0.013079580415632959,
        0.18840010353995865,
        -0.17968036046022864,
        0.6710731416093411,
        1.0
      ]
    ],
    "corr_shared": [
      [
        0.9999999999999999,
        0.9999999999999999,
        0.9999999999999999,
        0.9999999999999999,
        0.9999999999999999
      ],
      [
        0.9999999999999999,
        0.9999999999999999,
        0.9999999999999999,
        0.9999999999999999,
        0.9999999999999999
      ],
      [
        0.9999999999999999,
        0.9999999999999999,
        0.9999999999999999,
        0.9999999999999999,
        0.9999999999999999
      ],
      [
        0.9999999999999999,
        0.9999999999999999,
        0.9999999999999999,
        0.9999999999999999,
        0.9999999999999999
      ],
      [
        0.9999999999999999,
        0.9999999999999999,
        0.9999999999999999,
        0.9999999999999999,
        0.9999999999999999
      ]
    ],
    "pm_offdiag_mean": 0.21591400841447833,
    "pm_offdiag_max": 0.9410417906814651,
    "sk_offdiag_mean": 0.9999999999999998,
    "sk_offdiag_max": 0.9999999999999999,
    "groups": [
      [
        0,
        1
      ],
      [
        2,
        3
      ],
      [
        4,
        5
      ],
      [
        6,
        7
      ],
      [
        8,
        9
      ]
    ]
  },
  "exp2_psd": {
    "slope_pm": -4.054241620474959,
    "slope_sk": 0.2661101853485185
  },
  "exp3_mixing": {
    "aniso_permode_tanh_tau": [
      8.614954376510394,
      4.328982168480105,
      4.150149705158025,
      4.954779333091102,
      12.990662068446202
    ],
    "aniso_permode_tanh_median": 4.954779333091102,
    "aniso_permode_tanh_iqr": 4.285972208030288,
    "aniso_shared_tanh_tau": [
      4.0624405740086,
      4.112548505024018,
      4.116026050220942,
      4.066525696411913,
      5.1834796946621555
    ],
    "aniso_shared_tanh_median": 4.112548505024018,
    "aniso_shared_tanh_iqr": 0.0495003538090284,
    "aniso_nhc_m3_tau": [
      4.550095253664447,
      4.635687279764484,
      4.3615852958724455,
      4.394447685521128,
      4.627953407394596
    ],
    "aniso_nhc_m3_median": 4.550095253664447,
    "aniso_nhc_m3_iqr": 0.23350572187346774,
    "aniso_nh_tau": [
      4.070243353758737,
      4.111611193581379,
      4.1127048221842255,
      4.069842617625338,
      5.054720621613543
    ],
    "aniso_nh_median": 4.111611193581379,
    "aniso_nh_iqr": 0.042461468425488924,
    "gmm_permode_tanh_crossings": [
      575,
      500,
      553,
      538,
      546
    ],
    "gmm_permode_tanh_median": 546.0,
    "gmm_permode_tanh_iqr": 15.0,
    "gmm_shared_tanh_crossings": [
      380,
      413,
      692,
      326,
      662
    ],
    "gmm_shared_tanh_median": 413.0,
    "gmm_shared_tanh_iqr": 282.0,
    "gmm_nhc_m3_crossings": [
      358,
      435,
      600,
      588,
      720
    ],
    "gmm_nhc_m3_median": 588.0,
    "gmm_nhc_m3_iqr": 165.0,
    "gmm_nh_crossings": [
      322,
      278,
      508,
      626,
      631
    ],
    "gmm_nh_median": 508.0,
    "gmm_nh_iqr": 304.0
  },
  "exp4_crosscorr": {
    "cc_pm": [
      [
        0.00018108870349021856,
        0.00016127347007110845,
        0.021423184004749938,
        0.02149140374743838,
        0.02410412797248798,
        0.024106482744234846,
        0.006500900209332023,
        0.006532132932583825,
        0.0014103919031062616,
        0.0014336531579498056
      ],
      [
        0.04176739096999327,
        0.04163846394712996,
        0.000716899758782988,
        0.0010743720084880686,
        0.0524151212361111,
        0.05243631531355312,
        0.11981936887808664,
        0.11970445826447505,
        0.10470159844055958,
        0.10461778902795436
      ],
      [
        0.04524138739876378,
        0.04514531216597921,
        0.048878387997111215,
        0.04861609572813947,
        0.0009306644582762606,
        0.0009339850703891386,
        0.14789585567200952,
        0.1477821575446404,
        0.11518753393847624,
        0.11510826279123122
      ],
      [
        0.01729119278947052,
        0.017188594554065968,
        0.1697832733653796,
        0.16993600640633633,
        0.21725022663674717,
        0.21722690404696915,
        0.00046316480494176083,
        0.0005603459998307224,
        0.047617023167058715,
        0.047550282356762334
      ],
      [
        0.005812593657055488,
        0.005700647708884586,
        0.2286445198106684,
        0.22864775336055526,
        0.2610069303050128,
        0.2609580167616938,
        0.0741569019404148,
        0.07418852886379616,
        2.9919958864443232e-05,
        6.018872738751178e-05
      ]
    ],
    "cc_sk": [
      [
        0.0011141609855121507,
        3.362641840379738e-05,
        0.00026758232907864404,
        0.00018668243932128844,
        0.0002666931499744958,
        0.00018219574246198936,
        0.00014581837815283026,
        0.0001244405054234813,
        5.269483636491182e-05,
        4.786996597368335e-05
      ],
      [
        0.0011141609855121507,
        3.362641840379738e-05,
        0.00026758232907864404,
        0.00018668243932128844,
        0.0002666931499744958,
        0.00018219574246198936,
        0.00014581837815283026,
        0.0001244405054234813,
        5.269483636491182e-05,
        4.786996597368335e-05
      ],
      [
        0.0011141609855121507,
        3.362641840379738e-05,
        0.00026758232907864404,
        0.00018668243932128844,
        0.0002666931499744958,
        0.00018219574246198936,
        0.00014581837815283026,
        0.0001244405054234813,
        5.269483636491182e-05,
        4.786996597368335e-05
      ],
      [
        0.0011141609855121507,
        3.362641840379738e-05,
        0.00026758232907864404,
        0.00018668243932128844,
        0.0002666931499744958,
        0.00018219574246198936,
        0.00014581837815283026,
        0.0001244405054234813,
        5.269483636491182e-05,
        4.786996597368335e-05
      ],
      [
        0.0011141609855121507,
        3.362641840379738e-05,
        0.00026758232907864404,
        0.00018668243932128844,
        0.0002666931499744958,
        0.00018219574246198936,
        0.00014581837815283026,
        0.0001244405054234813,
        5.269483636491182e-05,
        4.786996597368335e-05
      ]
    ],
    "in_group_mean": 0.000511190296052222,
    "out_group_mean": 0.0875229292929242
  }
}