{
  "NHC_M3": {
    "config": {
      "type": "NHC",
      "Q": 1.0,
      "chain_length": 3
    },
    "ergodicity_score": 0.25,
    "obs_var": [
      0.2509130313820277,
      0.7490387726028734,
      0.3632389833469204,
      0.41283417246320037,
      0.22238499917719637,
      0.2135026559785419,
      0.15284144495418403,
      0.08967826574526239,
      0.05716910393023498,
      0.028045762884258772,
      0.04894571605482715,
      0.040218784145389534,
      0.004615463993194227,
      0.01798076262159469,
      0.004142494541403448,
      0.010271487146311663,
      0.0004542742242872811,
      0.004061065450613067,
      0.002687854970417194,
      0.0005438550485179524
    ],
    "rel_err": [
      0.7490869686179723,
      0.05804538867970445,
      0.27524294520028125,
      0.16352478511296967,
      0.1146693720402452,
      0.20061366494632468,
      0.21406275163165409,
      0.006206691159799736,
      0.09393076361868663,
      0.372133577837345,
      0.5477994444112468,
      0.7965070974006806,
      0.7087839095310223,
      0.6025371554856459,
      0.4784908353608579,
      0.8265574102765483,
      0.8858914739828238,
      0.4409203964313991,
      0.3471185970147077,
      0.6149801110856851
    ],
    "n_samples": 799999
  },
  "Derived": {
    "config": {
      "type": "MS",
      "Qs": [
        0.037583740428844443,
        0.1938652635952208,
        1.0
      ],
      "chain_length": 2
    },
    "ergodicity_score": 0.4,
    "obs_var": [
      0.8912216741250985,
      0.5491395187097782,
      0.5016088345243591,
      0.3600525697826456,
      0.27806849567548253,
      0.20400251823702423,
      0.17212392066684634,
      0.11444120807375224,
      0.041732578056503,
      0.09493225334412222,
      0.04073710069659384,
      0.006782460073646039,
      0.0016008653732318995,
      0.015919043333609197,
      0.005645545141613487,
      0.009631139586320997,
      0.003311653716457204,
      0.002454709246643343,
      0.002122492401025866,
      0.0003848488674022199
    ],
    "rel_err": [
      0.10877832587490155,
      0.2243198125863689,
      0.0008412043819145071,
      0.014766017033311991,
      0.1070106203343376,
      0.1471904644757657,
      0.3672289005711829,
      0.28405147391360813,
      0.33858321134396324,
      1.1252684229341143,
      0.2882202347286844,
      0.6970386370683301,
      0.8989922235235307,
      0.41878623052709496,
      0.2892679757791688,
      0.7126857221565418,
      0.16815019637728684,
      0.129036292615479,
      0.06376609486506109,
      0.7275478666975886
    ],
    "n_samples": 799999
  },
  "Champion": {
    "config": {
      "type": "MS",
      "Qs": [
        0.1,
        0.7,
        10.0
      ],
      "chain_length": 2
    },
    "ergodicity_score": 0.4,
    "obs_var": [
      0.7819781345390308,
      0.7103328768712308,
      0.4357159813541573,
      0.3756329953448807,
      0.28516709606755813,
      0.16260874246131388,
      0.14232829195110597,
      0.08754787588790544,
      0.044751810013639384,
      0.00629849517763959,
      0.04815763036784873,
      0.03142591277721949,
      0.022085834408650244,
      0.015006810066381224,
      0.00424935958972401,
      0.004470415007603927,
      0.000693896107514261,
      0.006514487000967969,
      0.002173743125037064,
      0.0009123975037536046
    ],
    "rel_err": [
      0.21802186546096924,
      0.0033718577605056305,
      0.13063232237436687,
      0.05867762249975178,
      0.13527065750412925,
      0.0855838427676856,
      0.13055380896844135,
      0.01769667618832246,
      0.29073160959069827,
      0.8589942570464749,
      0.5228779867889438,
      0.40374396059512563,
      0.3935219429111232,
      0.3374833550057207,
      0.4650373228645212,
      0.2050353037648942,
      0.8257011782657614,
      1.311427211931515,
      0.0894523034536284,
      0.35407203353502553
    ],
    "n_samples": 799999
  },
  "Derived_N2": {
    "config": {
      "type": "MS",
      "Qs": [
        0.037583740428844443,
        1.0
      ],
      "chain_length": 2
    },
    "ergodicity_score": 0.6,
    "obs_var": [
      1.3471914881799862,
      0.6604994480465429,
      0.5397240241712159,
      0.29646409595924167,
      0.2831981142519916,
      0.19152235467036618,
      0.11085732601100085,
      0.07788916553542873,
      0.08335826774285907,
      0.047513956955088844,
      0.02541995145708414,
      0.019530766980804474,
      0.014783178439501748,
      0.007929522070530999,
      0.01799139130649282,
      0.0064987036360203395,
      0.0007740233708412439,
      0.004630665791832928,
      0.0011738246392025919,
      0.00045409788898987524
    ],
    "rel_err": [
      0.34719148817998624,
      0.06701973143165178,
      0.07689100591217986,
      0.1644506522157262,
      0.12743199970946442,
      0.07700934728909772,
      0.11942895923427548,
      0.12606918879068538,
      0.3211395108100821,
      0.06370499812383605,
      0.19615055384698174,
      0.12759268475508342,
      0.06724449888351333,
      0.29328060156870045,
      1.264981970927645,
      0.15565108678800516,
      0.8055741197112569,
      0.6430222240082191,
      0.4116940763145218,
      0.6785233137918818
    ],
    "n_samples": 799999
  },
  "Derived_N3": {
    "config": {
      "type": "MS",
      "Qs": [
        0.037583740428844443,
        0.1938652635952208,
        1.0
      ],
      "chain_length": 2
    },
    "ergodicity_score": 0.4,
    "obs_var": [
      0.8912216741250985,
      0.5491395187097782,
      0.5016088345243591,
      0.3600525697826456,
      0.27806849567548253,
      0.20400251823702423,
      0.17212392066684634,
      0.11444120807375224,
      0.041732578056503,
      0.09493225334412222,
      0.04073710069659384,
      0.006782460073646039,
      0.0016008653732318995,
      0.015919043333609197,
      0.005645545141613487,
      0.009631139586320997,
      0.003311653716457204,
      0.002454709246643343,
      0.002122492401025866,
      0.0003848488674022199
    ],
    "rel_err": [
      0.10877832587490155,
      0.2243198125863689,
      0.0008412043819145071,
      0.014766017033311991,
      0.1070106203343376,
      0.1471904644757657,
      0.3672289005711829,
      0.28405147391360813,
      0.33858321134396324,
      1.1252684229341143,
      0.2882202347286844,
      0.6970386370683301,
      0.8989922235235307,
      0.41878623052709496,
      0.2892679757791688,
      0.7126857221565418,
      0.16815019637728684,
      0.129036292615479,
      0.06376609486506109,
      0.7275478666975886
    ],
    "n_samples": 799999
  },
  "Derived_N4": {
    "config": {
      "type": "MS",
      "Qs": [
        0.037583740428844443,
        0.11220184543019636,
        0.33496543915782767,
        1.0
      ],
      "chain_length": 2
    },
    "ergodicity_score": 0.45,
    "obs_var": [
      1.236972659355303,
      0.7084561028359007,
      0.4742085813677079,
      0.3454863741101991,
      0.2722059447287993,
      0.20539189481775774,
      0.12538280543825067,
      0.05574365028432442,
      0.04767973484849292,
      0.06048168974130658,
      0.020077125696882445,
      0.01731728237829554,
      0.020531167581555966,
      0.010754402931270376,
      0.006919254415415336,
      0.0075369375080656,
      0.005612966340751638,
      0.002577240283945678,
      0.0008294087939263821,
      0.001715592910038549
    ],