{
  "anisotropic_gaussian": {
    "Derived (theory)": {
      "score": 0.6732881385605859,
      "score_std": 0.1171233366717908,
      "seed_scores": [
        0.5169061612157833,
        0.7987583178034455,
        0.7041999366625288
      ]
    },
    "Champion": {
      "score": 0.6065879023868964,
      "score_std": 0.0513674220652925,
      "seed_scores": [
        0.5691535030150031,
        0.5713892659743456,
        0.6792209381713405
      ]
    }
  },
  "improvement_ratio": 1.1099597204481444,
  "double_well": {
    "Derived (Kramers)": {
      "kl": 0.032638468762138224,
      "n_crossings": 683,
      "n_samples": 450001
    },
    "Champion": {
      "kl": 0.027608093397872544,
      "n_crossings": 670,
      "n_samples": 450001
    }
  }
}