{
  "pure_esh": {
    "n_trajs": 5,
    "H_conservation": [
      140.50800602034641,
      140.08554007773458,
      140.98119490616807,
      139.76612170402552,
      141.3818525495921
    ],
    "H_values": [
      0.5,
      0.4318528194400547,
      0.8181471805599453,
      0.7960271956740639,
      1.1036122886681097
    ]
  },
  "esh_hybrid": {
    "n_cycles": 300,
    "n_force_evals": 33001,
    "q_mean": -0.01644662847596425,
    "q_std": 1.0126009020202946,
    "p_mean": -0.015369396365829756,
    "p_std": 0.9814694772020371,
    "H_esh_mean": 0.08478846682349904,
    "H_esh_std": 1.0678542523723136
  }
}