{
  "lambda_list": [
    1,
    2,
    4,
    8
  ],
  "N_list": [
    1,
    2,
    3,
    5
  ],
  "n_evals_by_lambda": {
    "1": 500000,
    "2": 1000000,
    "4": 2000000,
    "8": 4000000
  },
  "data": {
    "1": {
      "1": {
        "N": 1,
        "lambda": 1,
        "Qs": [
          3.1622776601683795
        ],
        "n_evals": 500000,
        "crossings": [
          674,
          809,
          784
        ],
        "mean": 755.6666666666666,
        "std": 58.642040285863935,
        "rate_per_1k_evals": 1.5113333333333332
      },
      "2": {
        "N": 2,
        "lambda": 1,
        "Qs": [
          0.01,
          1000.0
        ],
        "n_evals": 500000,
        "crossings": [
          789,
          658,
          644
        ],
        "mean": 697.0,
        "std": 65.30441536884521,
        "rate_per_1k_evals": 1.394
      },
      "3": {
        "N": 3,
        "lambda": 1,
        "Qs": [
          0.01,
          3.1622776601683795,
          1000.0
        ],
        "n_evals": 500000,
        "crossings": [
          768,
          762,
          652
        ],
        "mean": 727.3333333333334,
        "std": 53.324999348856586,
        "rate_per_1k_evals": 1.4546666666666668
      },
      "5": {
        "N": 5,
        "lambda": 1,
        "Qs": [
          0.01,
          0.1778279410038923,
          3.1622776601683795,
          56.23413251903491,
          1000.0
        ],
        "n_evals": 500000,
        "crossings": [
          761,
          767,
          767
        ],
        "mean": 765.0,
        "std": 2.8284271247461903,
        "rate_per_1k_evals": 1.53
      },
      "ratio_N3_N1": 0.9625055138950156,
      "ratio_N3_N5": 0.9507625272331155
    },
    "2": {
      "1": {
        "N": 1,
        "lambda": 2,
        "Qs": [
          3.1622776601683795
        ],
        "n_evals": 1000000,
        "crossings": [
          0,
          1000,
          976
        ],
        "mean": 658.6666666666666,
        "std": 465.8507152392158,
        "rate_per_1k_evals": 0.6586666666666666
      },
      "2": {
        "N": 2,
        "lambda": 2,
        "Qs": [
          0.01,
          1000.0
        ],
        "n_evals": 1000000,
        "crossings": [
          184,
          924,
          1051
        ],
        "mean": 719.6666666666666,
        "std": 382.3055787659337,
        "rate_per_1k_evals": 0.7196666666666667
      },
      "3": {
        "N": 3,
        "lambda": 2,
        "Qs": [
          0.01,
          3.1622776601683795,
          1000.0
        ],
        "n_evals": 1000000,
        "crossings": [
          846,
          890,
          913
        ],
        "mean": 883.0,
        "std": 27.796882319185844,
        "rate_per_1k_evals": 0.883
      },
      "5": {
        "N": 5,
        "lambda": 2,
        "Qs": [
          0.01,
          0.1778279410038923,
          3.1622776601683795,
          56.23413251903491,
          1000.0
        ],
        "n_evals": 1000000,
        "crossings": [
          722,
          821,
          818
        ],
        "mean": 787.0,
        "std": 45.9782557302906,
        "rate_per_1k_evals": 0.787
      },
      "ratio_N3_N1": 1.340587044534413,
      "ratio_N3_N5": 1.121982210927573
    },
    "4": {
      "1": {
        "N": 1,
        "lambda": 4,
        "Qs": [
          3.1622776601683795
        ],
        "n_evals": 2000000,
        "crossings": [
          0,
          0,
          1084
        ],
        "mean": 361.3333333333333,
        "std": 511.0025005374784,
        "rate_per_1k_evals": 0.18066666666666667
      },
      "2": {
        "N": 2,
        "lambda": 4,
        "Qs": [
          0.01,
          1000.0
        ],
        "n_evals": 2000000,
        "crossings": [
          0,
          0,
          1078
        ],
        "mean": 359.3333333333333,
        "std": 508.1740734127322,
        "rate_per_1k_evals": 0.17966666666666667
      },
      "3": {
        "N": 3,
        "lambda": 4,
        "Qs": [
          0.01,
          3.1622776601683795,
          1000.0
        ],
        "n_evals": 2000000,
        "crossings": [
          0,
          822,
          127
        ],
        "mean": 316.3333333333333,
        "std": 361.2998139434278,
        "rate_per_1k_evals": 0.15816666666666665
      },
      "5": {
        "N": 5,
        "lambda": 4,
        "Qs": [
          0.01,
          0.1778279410038923,
          3.1622776601683795,
          56.23413251903491,
          1000.0
        ],
        "n_evals": 2000000,
        "crossings": [
          253,
          371,
          424
        ],
        "mean": 349.3333333333333,
        "std": 71.47182817182042,
        "rate_per_1k_evals": 0.17466666666666666
      },
      "ratio_N3_N1": 0.875461254612546,
      "ratio_N3_N5": 0.9055343511450381
    },
    "8": {
      "1": {
        "N": 1,
        "lambda": 8,
        "Qs": [
          3.1622776601683795
        ],
        "n_evals": 4000000,
        "crossings": [
          0,
          0,
          0
        ],
        "mean": 0.0,
        "std": 0.0,
        "rate_per_1k_evals": 0.0
      },
      "2": {
        "N": 2,
        "lambda": 8,
        "Qs": [
          0.01,
          1000.0
        ],
        "n_evals": 4000000,
        "crossings": [
          0,
          0,
          0
        ],
        "mean": 0.0,
        "std": 0.0,
        "rate_per_1k_evals": 0.0
      },
      "3": {
        "N": 3,
        "lambda": 8,
        "Qs": [
          0.01,
          3.1622776601683795,
          1000.0
        ],
        "n_evals": 4000000,
        "crossings": [
          0,
          0,
          0
        ],
        "mean": 0.0,
        "std": 0.0,
        "rate_per_1k_evals": 0.0
      },
      "5": {
        "N": 5,
        "lambda": 8,
        "Qs": [
          0.01,
          0.1778279410038923,
          3.1622776601683795,
          56.23413251903491,
          1000.0
        ],
        "n_evals": 4000000,
        "crossings": [
          0,
          6,
          111
        ],
        "mean": 39.0,
        "std": 50.97057974949863,
        "rate_per_1k_evals": 0.00975
      },
      "ratio_N3_N1": Infinity,
      "ratio_N3_N5": 0.0
    }
  }
}