{
  "3.0": {
    "n_opt_median": 5,
    "n_opt_mean": 5,
    "n_tau5": null,
    "tau_by_N": {
      "1": {
        "mean": 113.25552180307886,
        "std": 150.8544905571242,
        "median": 27.325458064973247,
        "all": [
          48.52032215673857,
          1.6729763645993088,
          16.619198505310997,
          28.02137228263296,
          421.77280169122895,
          327.4468643619781,
          258.05093961965696,
          2.0196247539341323,
          1.8015744473953124,
          26.629543847313535
        ]
      },
      "2": {
        "mean": 91.93096482596118,
        "std": 139.22075131231975,
        "median": 10.278563294119586,
        "all": [
          10.535684195505077,
          1.3135122143300642,
          308.9234041752076,
          1.3160707455482414,
          390.31284671054044,
          10.021442392734095,
          173.45728554951444,
          9.279073626522745,
          13.028172801334208,
          1.122155848375019
        ]
      },
      "3": {
        "mean": 40.461836237551026,
        "std": 76.79528467896586,
        "median": 14.01469428783308,
        "all": [
          28.856877011586185,
          12.835660859890345,
          8.034114562554999,
          10.104684306138328,
          15.193727715775818,
          269.966020974928,
          7.980373588436744,
          9.534271806790207,
          17.261133853255323,
          24.851497696154343
        ]
      },
      "4": {
        "mean": 111.94625340411353,
        "std": 191.72448205331017,
        "median": 17.34260722856702,
        "all": [
          4.575211185678927,
          1.1212665647046474,
          29.498915479529682,
          23.579116106175583,
          1.1210986642966747,
          74.59280745920407,
          578.6258155109903,
          388.4735746942646,
          11.106098350958458,
          6.768630025332472
        ]
      },
      "5": {
        "mean": 7.577364942997515,
        "std": 6.991046362967285,
        "median": 3.7833624929594993,
        "all": [
          11.697189537296367,
          1.6320442408070566,
          1.2776333940451168,
          19.62322533876361,
          3.9310024445453733,
          3.6357225413736254,
          1.2789243803760768,
          1.2688343483896198,
          18.0501936821203,
          13.378879522258007
        ]
      },
      "6": {
        "mean": 35.745106904643656,
        "std": 85.10047549299158,
        "median": 7.6486327085715615,
        "all": [
          9.269515640430724,
          1.7107151184888185,
          3.6254448572841746,
          7.667478213728083,
          11.729400122544396,
          7.052738772863995,
          7.629787203415039,
          290.8001996727454,
          3.2567747673970415,
          14.709014677538917
        ]
      }
    },
    "gain_ratio": 14.946557629871306,
    "tau_n1": 113.25552180307886
  },
  "10.0": {
    "n_opt_median": 2,
    "n_opt_mean": 2,
    "n_tau5": null,
    "tau_by_N": {
      "1": {
        "mean": 47.45520984713273,
        "std": 32.717753878260716,
        "median": 34.091129069626476,
        "all": [
          33.93038980596236,
          3.9576388670957625,
          34.25186833329059,
          123.44110063013166,
          70.10716860478671,
          33.603312837779455,
          23.809542867643845,
          42.03273119096927,
          80.03330980594697,
          29.38503552772073
        ]
      },
      "2": {
        "mean": 9.864466084047635,
        "std": 4.5310653424214395,
        "median": 8.029017601822751,
        "all": [
          10.947736846693982,
          21.13005452740068,
          7.110564486504741,
          11.186884931189724,
          7.236917843508451,
          7.0619628412210504,
          8.718888587844537,
          13.635380283349036,
          7.339146615800966,
          4.277123876963169
        ]
      },
      "3": {
        "mean": 108.3936329189158,
        "std": 89.973613441784,
        "median": 87.08416654468753,
        "all": [
          320.1810140259262,
          86.51962344996778,
          213.87757932910262,
          87.64870963940729,
          131.2622845404359,
          34.73427191059343,
          58.819098033107004,
          3.5043884349563266,
          40.17729792210631,
          107.21206190355511
        ]
      },
      "4": {
        "mean": 174.58460826199178,
        "std": 117.22909547416668,
        "median": 191.97455454025555,
        "all": [
          85.15326799640994,
          25.272879938500793,
          255.3900850931433,
          128.55902398736777,
          66.30993496562743,
          288.87955681278106,
          311.7683144707895,
          261.5118585369417,
          314.7682092902017,
          8.232951528154333
        ]
      },
      "5": {
        "mean": 21.86087820577063,
        "std": 29.02540088744912,
        "median": 10.007904097703289,
        "all": [
          11.840446707956296,
          4.910830216139601,
          12.028693497375036,
          101.24175212869605,
          10.450143321437073,
          47.93803209423301,
          9.565664873969505,
          5.633905562980144,
          6.542657582533993,
          8.456656072385574
        ]
      },
      "6": {
        "mean": 65.33051521730245,
        "std": 116.70198489495424,
        "median": 13.76847296432707,
        "all": [
          176.79034907811146,
          12.773889908051418,
          14.763056020602722,
          18.530827301485836,
          6.856837344550071,
          9.643400047741263,
          5.743376003976791,
          10.030791337199197,
          15.577972744116241,
          382.5946523871895
        ]
      }
    },
    "gain_ratio": 4.810722591856758,
    "tau_n1": 47.45520984713273
  },
  "30.0": {
    "n_opt_median": 2,
    "n_opt_mean": 4,
    "n_tau5": null,
    "tau_by_N": {
      "1": {
        "mean": 34.01559015371147,
        "std": 21.9500651579899,
        "median": 39.720385642473005,
        "all": [
          17.058860479411628,
          48.208485156297336,
          52.85794350870926,
          50.182461536739154,
          67.67317653979347,
          4.189286148995272,
          31.232286128648674,
          51.66130731716551,
          2.474483446450397,
          14.617611274904055
        ]
      },
      "2": {
        "mean": 23.2731429452859,
        "std": 28.64844448066966,
        "median": 1.5123893506351327,
        "all": [
          1.4297825390260273,
          1.520687465204262,
          46.66438865394584,
          66.85792581686611,
          1.4942093205283122,
          1.4893672644992983,
          1.5040912360660035,
          34.194194776200575,
          76.11657524897666,
          1.460207131545928
        ]
      },
      "3": {
        "mean": 15.210770914811047,
        "std": 21.084170542592915,
        "median": 4.224655071556706,
        "all": [
          25.856508234271338,
          28.26765796518352,
          4.272712004147145,
          1.381046315922351,
          4.176598138966265,
          9.494178484786143,
          4.15506345556655,
          1.3494950885976302,
          1.442773639978731,
          71.71167582069081
        ]
      },
      "4": {
        "mean": 9.324172082375107,
        "std": 6.396759893618347,
        "median": 12.365690333570193,
        "all": [
          13.28080115774019,
          11.450579509400198,
          1.358330323498918,
          15.980289802423908,
          15.220352635681717,
          13.92270137647402,
          1.3624130632568487,
          16.664177827040216,
          1.3618955577485026,
          2.6401795704865556
        ]
      },
      "5": {
        "mean": 22.175546189203832,
        "std": 23.111821984702875,
        "median": 12.399589311686412,