{
  "kl_qp_exact": 0.3280631393920525,
  "kl_exact_components": {
    "kl_q1": 0.03834236855213458,
    "kl_q2": 0.09657359027997264,
    "kl_p": 0.1931471805599453,
    "kl_qp": 0.3280631393920525
  },
  "per_seed": [
    {
      "seed": 42,
      "mean": 0.4687456352910148,
      "sem": 0.0209019486387755,
      "jarzynski": 0.9392731676435963,
      "rel_err_qp": 0.42882749997353226
    },
    {
      "seed": 123,
      "mean": 0.43936624260782137,
      "sem": 0.021477357026817485,
      "jarzynski": 0.9894093044059781,
      "rel_err_qp": 0.33927341981189746
    },
    {
      "seed": 7,
      "mean": 0.4502535678309175,
      "sem": 0.0222553344648668,
      "jarzynski": 0.9668356588801104,
      "rel_err_qp": 0.37246009614277664
    }
  ],
  "mean_of_means": 0.4527884819099179,
  "std_of_means": 0.014852828708675528,
  "mean_jarzynski": 0.9651727103098949,
  "jarzynski_passes": true,
  "above_qp_threshold": true,
  "passes": true
}