{
  "kl_qp_exact": 0.27960413103228915,
  "kl_exact_components": {
    "kl_q1": 0.03669114189872802,
    "kl_q2": 0.08097099637785371,
    "kl_p": 0.16194199275570742,
    "kl_qp": 0.27960413103228915
  },
  "per_seed": [
    {
      "seed": 42,
      "mean": 0.3377256339534758,
      "sem": 0.021560925424306814,
      "jarzynski": 1.1302004511001356,
      "std_Sigma": 1.0562653134350517,
      "std_hutch": 10.512156612244365,
      "rel_err_qp": 0.20787068741296497
    },
    {
      "seed": 123,
      "mean": 0.42891589652796197,
      "sem": 0.020676896264041216,
      "jarzynski": 0.9698302181240643,
      "std_Sigma": 1.0129569062272155,
      "std_hutch": 10.612461542625208,
      "rel_err_qp": 0.5340112999919521
    },
    {
      "seed": 7,
      "mean": 0.4288624485735696,
      "sem": 0.02188027373849155,
      "jarzynski": 1.0255342374953644,
      "std_Sigma": 1.071910121834464,
      "std_hutch": 10.847416047423296,
      "rel_err_qp": 0.5338201441810738
    }
  ],
  "mean_of_means": 0.39850132635166907,
  "std_of_means": 0.05263330033382683,
  "mean_jarzynski": 1.0418549689065213,
  "jarzynski_passes": true,
  "above_qp_threshold": true,
  "passes": true
}