{
  "summary": {
    "nh_adaptive": {
      "sep2": {
        "kl_mean": 0.30316148825178707,
        "kl_std": 0.0588094369548277,
        "mc_mean": 1.0,
        "mc_std": 0.0,
        "fe_mean": 1313724.0
      },
      "sep4": {
        "kl_mean": 0.2211334831213856,
        "kl_std": 0.06396056453537018,
        "mc_mean": 1.0,
        "mc_std": 0.0,
        "fe_mean": 1351697.3333333333
      },
      "sep6": {
        "kl_mean": 0.13098164040450114,
        "kl_std": 0.03035259879922528,
        "mc_mean": 1.0,
        "mc_std": 0.0,
        "fe_mean": 1353438.6666666667
      },
      "dw1d": {
        "kl_mean": 0.009039330247516934,
        "kl_std": 0.00476109536723168
      }
    },
    "nh_fixed": {
      "sep2": {
        "kl_mean": 1.5414888441524763,
        "kl_std": 0.05572415214962371,
        "mc_mean": 1.0,
        "mc_std": 0.0,
        "fe_mean": 1380000.0
      },
      "sep4": {
        "kl_mean": 1.1707976414894847,
        "kl_std": 0.11466076765759169,
        "mc_mean": 1.0,
        "mc_std": 0.0,
        "fe_mean": 1380000.0
      },
      "sep6": {
        "kl_mean": 0.3928955819882052,
        "kl_std": 0.010323042389088563,
        "mc_mean": 1.0,
        "mc_std": 0.0,
        "fe_mean": 1380000.0
      },
      "dw1d": {
        "kl_mean": 0.015602280762355689,
        "kl_std": 0.004372136621436626
      }
    },
    "langevin_fixed": {
      "sep2": {
        "kl_mean": 0.03314849641144032,
        "kl_std": 0.009785796848013928,
        "mc_mean": 1.0,
        "mc_std": 0.0,
        "fe_mean": 690000.0
      },
      "sep4": {
        "kl_mean": 0.043869019825090484,
        "kl_std": 0.025496404292302523,
        "mc_mean": 1.0,
        "mc_std": 0.0,
        "fe_mean": 690000.0
      },
      "sep6": {
        "kl_mean": 0.04596729542698147,
        "kl_std": 0.026522274138332944,
        "mc_mean": 1.0,
        "mc_std": 0.0,
        "fe_mean": 690000.0
      },
      "dw1d": {
        "kl_mean": 0.0015287967498062126,
        "kl_std": 0.00039791191504627137
      }
    }
  },
  "metric": 5.2945290100947995,
  "seeds": [
    42,
    123,
    7
  ]
}