{
  "phase": "phase1",
  "T0": 1.0,
  "T1": 2.0,
  "beta1": 0.5,
  "kl_qp_exact": 0.3280631393920525,
  "n_traj_total": 7200,
  "dft_bath": {
    "slope": -0.9567017846567806,
    "intercept": -0.0913189598214059,
    "ci_95": [
      -1.0232372252403217,
      -0.8056602190304679
    ],
    "n_points": 8,
    "s_values": [
      0.22108460790009157,
      0.6632538237002747,
      1.1054230395004578,
      1.547592255300641,
      1.9897614711008242,
      2.4319306869010076,
      2.8740999027011904,
      3.3162691185013733
    ],
    "log_ratios": [
      -0.29785118578134545,
      -0.7376850349908469,
      -1.2039728043259361,
      -1.4657712979155348,
      -1.900958761193047,
      -2.567794309593768,
      -2.7808875250544762,
      -3.4781584227982836
    ]
  },
  "dft_tot": {
    "slope": 1.0587905771807637,
    "intercept": -0.04321511184207942,
    "ci_95": [
      0.9403127564995795,
      1.1479035739007073
    ],
    "n_points": 9,
    "s_values": [
      0.1583517802117431,
      0.47505534063522925,
      0.7917589010587154,
      1.1084624614822016,
      1.4251660219056879,
      1.741869582329174,
      2.0585731427526603,
      2.375276703176146,
      2.691980263599633
    ],
    "log_ratios": [
      0.13389312169339723,
      0.44101609237248324,
      0.7569069287817036,
      1.2053511642960573,
      1.4350845252893227,
      1.742969305058623,
      2.2030554976470125,
      2.477302050402781,
      2.8678989020441064
    ]
  },
  "dft_exact": {
    "slope": -0.9404685802563308,
    "intercept": -0.07656211765929226,
    "ci_95": [
      -1.0116568874267795,
      -0.8134095992830822
    ],
    "n_points": 7,
    "s_values": [
      0.2755563921220241,
      0.8266691763660723,
      1.3777819606101205,
      1.9288947448541687,
      2.480007529098217,
      3.031120313342265,
      3.5822330975863133
    ],
    "log_ratios": [
      -0.3223561750954663,
      -0.8879869557113033,
      -1.3220469184300156,
      -1.9708077006770406,
      -2.378477186941269,
      -2.830857630363757,
      -3.5296231702509777
    ]
  },
  "per_seed": [
    {
      "seed": 42,
      "mean_bath": -0.8904855842532826,
      "mean_exact": -1.3592312195442975,
      "mean_tot": 0.4687456352910148,
      "std_bath": 1.4671188461574896,
      "std_exact": 1.7871372193865118,
      "std_tot": 1.023982175897228,
      "jarzynski": 0.9392731676435963,
      "dft_slope_bath": -0.9600562058344596,
      "dft_slope_tot": 1.0833262992468842,
      "dft_slope_exact": -1.0467277048183887,
      "wall_time": 69.2307677268982
    },
    {
      "seed": 123,
      "mean_bath": -0.816740484315373,
      "mean_exact": -1.2561067269231945,
      "mean_tot": 0.43936624260782137,
      "std_bath": 1.4676161209036442,
      "std_exact": 1.8365580102558017,
      "std_tot": 1.0521713147856329,
      "jarzynski": 0.9894093044059781,
      "dft_slope_bath": -0.8849177251811352,
      "dft_slope_tot": 0.9787168936298407,
      "dft_slope_exact": -0.8265834999621191,
      "wall_time": 70.38834309577942
    },
    {
      "seed": 7,
      "mean_bath": -0.9109603780130586,
      "mean_exact": -1.361213945843976,
      "mean_tot": 0.4502535678309175,
      "std_bath": 1.486132103575404,
      "std_exact": 1.8853011372764632,
      "std_tot": 1.0902842698780035,
      "jarzynski": 0.9668356588801104,
      "dft_slope_bath": -0.9567044490723031,
      "dft_slope_tot": 0.9720111882262815,
      "dft_slope_exact": -0.9291006367025934,
      "wall_time": 69.64063787460327
    }
  ],
  "mean_jarzynski": 0.9651727103098949,
  "sigma_bath_stats": {
    "mean": -0.872728815527238,
    "std": 1.4739997506488571,
    "median": -0.635207954068378,
    "skew": -0.9849536375125882
  },
  "sigma_tot_stats": {
    "mean": 0.45278848190991794,
    "std": 1.055751853391759,
    "median": 0.18579942969405222,
    "skew": 1.4416808988782495
  },
  "sigma_exact_stats": {
    "mean": -1.3255172974371559,
    "std": 1.8371701998409178,
    "median": -1.054982337498995,
    "skew": -0.7675942578176119
  }
}