{
  "phase": "phase2",
  "T0": 0.8,
  "T1": 1.5,
  "beta1": 0.6666666666666666,
  "kl_qp_exact": 0.27960413103228915,
  "n_traj_total": 7200,
  "dft_bath": {
    "slope": -0.8702837676165377,
    "intercept": -0.0090788195170987,
    "ci_95": [
      -0.9325420605082961,
      -0.7635460903323092
    ],
    "n_points": 8,
    "s_values": [
      0.22162222737788026,
      0.6648666821336408,
      1.1081111368894012,
      1.5513555916451618,
      1.9946000464009224,
      2.4378445011566825,
      2.8810889559124435,
      3.3243334106682036
    ],
    "log_ratios": [
      -0.17735876745182566,
      -0.6621150713122168,
      -0.9431687838385462,
      -1.3534478473475946,
      -1.5587636214708336,
      -2.3405643410592623,
      -2.451005098112319,
      -3.0504571732432377
    ]
  },
  "dft_tot": {
    "slope": 0.9051915347699492,
    "intercept": -0.0640715267704638,
    "ci_95": [
      0.8024298573386704,
      1.0118256733699018
    ],
    "n_points": 8,
    "s_values": [
      0.15720063907827056,
      0.4716019172348117,
      0.7860031953913529,
      1.100404473547894,
      1.414805751704435,
      1.729207029860976,
      2.043608308017517,
      2.3580095861740586
    ],
    "log_ratios": [
      0.046217141355689974,
      0.41423160132034703,
      0.7116195781953878,
      0.9482083348424601,
      1.1676051601550612,
      1.6451559950361796,
      1.6497892079576677,
      1.8513515664303006
    ]
  },
  "dft_exact": {
    "slope": -0.8861796812162994,
    "intercept": 0.07214173523693634,
    "ci_95": [
      -0.9609990609117363,
      -0.8036856257666444
    ],
    "n_points": 7,
    "s_values": [
      0.27749941450050947,
      0.8324982435015285,
      1.3874970725025473,
      1.9424959015035663,
      2.4974947305045854,
      3.052493559505604,
      3.607492388506623
    ],
    "log_ratios": [
      -0.19617771470500345,
      -0.6494296799808523,
      -1.1668205386946433,
      -1.5010286139269156,
      -2.224149280706812,
      -2.8622008809294686,
      -3.0626717562291
    ]
  },
  "per_seed": [
    {
      "seed": 42,
      "mean_bath": -0.7516195576855856,
      "mean_exact": -1.0893451916390615,
      "mean_tot": 0.3377256339534758,
      "std_bath": 1.4783746228633425,
      "std_exact": 1.8602669279393511,
      "std_tot": 1.0562653134350517,
      "jarzynski": 1.1302004511001356,
      "dft_slope_bath": -0.7466870581966516,
      "dft_slope_tot": 0.6731146001214959,
      "dft_slope_exact": -0.7396764062812096,
      "wall_time": 73.17439794540405
    },
    {
      "seed": 123,
      "mean_bath": -0.8079021238369118,
      "mean_exact": -1.2368180203648738,
      "mean_tot": 0.42891589652796197,
      "std_bath": 1.4659222779035126,
      "std_exact": 1.8076133978206324,
      "std_tot": 1.0129569062272155,
      "jarzynski": 0.9698302181240643,
      "dft_slope_bath": -0.9368250034253274,
      "dft_slope_tot": 1.094858706040599,
      "dft_slope_exact": -0.9902799795245036,
      "wall_time": 75.0526430606842
    },
    {
      "seed": 7,
      "mean_bath": -0.7687840898428466,
      "mean_exact": -1.197646538416416,
      "mean_tot": 0.4288624485735696,
      "std_bath": 1.488422044406221,
      "std_exact": 1.8793620864709526,
      "std_tot": 1.071910121834464,
      "jarzynski": 1.0255342374953644,
      "dft_slope_bath": -0.9177929333950622,
      "dft_slope_tot": 0.9599762217293536,
      "dft_slope_exact": -0.9250065955652188,
      "wall_time": 74.56160688400269
    }
  ],
  "mean_jarzynski": 1.0418549689065213,
  "sigma_bath_stats": {
    "mean": -0.7761019237884481,
    "std": 1.477584129424618,
    "median": -0.5416250545455032,
    "skew": -1.0536575311963814
  },
  "sigma_tot_stats": {
    "mean": 0.39850132635166907,
    "std": 1.048077046177378,
    "median": 0.14179423109416908,
    "skew": 1.322069004734559
  },
  "sigma_exact_stats": {
    "mean": -1.1746032501401173,
    "std": 1.8501245820052645,
    "median": -0.9044926538705225,
    "skew": -0.8709094824434254
  }
}