{
  "aniso_gaussian": {
    "10": {
      "tanh": {
        "0.1": {
          "median_tau": 46.66112555952701,
          "mean_tau": 64.41486955858977,
          "std_tau": 32.79458729929893,
          "n_nan": 0,
          "n_valid": 16
        },
        "0.3": {
          "median_tau": 45.6449740577784,
          "mean_tau": 59.45347002354093,
          "std_tau": 34.44556032846182,
          "n_nan": 0,
          "n_valid": 16
        },
        "1.0": {
          "median_tau": 38.174749201901605,
          "mean_tau": 45.5681895150085,
          "std_tau": 22.899228341076235,
          "n_nan": 0,
          "n_valid": 16
        },
        "3.0": {
          "median_tau": 35.948615868782795,
          "mean_tau": 50.127070490834654,
          "std_tau": 32.96369506855477,
          "n_nan": 0,
          "n_valid": 16
        },
        "10.0": {
          "median_tau": 36.08591322286853,
          "mean_tau": 56.022973043667236,
          "std_tau": 48.86144791126184,
          "n_nan": 0,
          "n_valid": 16
        }
      },
      "arctan": {
        "0.1": {
          "median_tau": 46.69687817034551,
          "mean_tau": 70.02396314149378,
          "std_tau": 37.35107576678129,
          "n_nan": 0,
          "n_valid": 16
        },
        "0.3": {
          "median_tau": 39.40029894000027,
          "mean_tau": 50.09774392152424,
          "std_tau": 30.15305234677364,
          "n_nan": 0,
          "n_valid": 16
        },
        "1.0": {
          "median_tau": 37.616045621425435,
          "mean_tau": 50.79157332440846,
          "std_tau": 32.3612272328399,
          "n_nan": 0,
          "n_valid": 16
        },
        "3.0": {
          "median_tau": 35.88600686300561,
          "mean_tau": 56.088467369687926,
          "std_tau": 40.141190630529834,
          "n_nan": 0,
          "n_valid": 16
        },
        "10.0": {
          "median_tau": 36.068819355653105,
          "mean_tau": 56.81593061864983,
          "std_tau": 51.46228659624091,
          "n_nan": 0,
          "n_valid": 16
        }
      },
      "erf": {
        "0.1": {
          "median_tau": 47.614262256947136,
          "mean_tau": 56.63539303504973,
          "std_tau": 33.886413257140255,
          "n_nan": 0,
          "n_valid": 16
        },
        "0.3": {
          "median_tau": 46.23696536925462,
          "mean_tau": 56.50426883859034,
          "std_tau": 35.507890492499776,
          "n_nan": 0,
          "n_valid": 16
        },
        "1.0": {
          "median_tau": 38.46606741821715,
          "mean_tau": 53.59081689196139,
          "std_tau": 33.94101850670372,
          "n_nan": 0,
          "n_valid": 16
        },
        "3.0": {
          "median_tau": 35.960386212608846,
          "mean_tau": 54.90568484642182,
          "std_tau": 37.22011196370091,
          "n_nan": 0,
          "n_valid": 16
        },
        "10.0": {
          "median_tau": 36.08761752779126,
          "mean_tau": 55.817633449949994,
          "std_tau": 48.32042619233439,
          "n_nan": 0,
          "n_valid": 16
        }
      },
      "rational": {
        "0.1": {
          "median_tau": 44.201218041058766,
          "mean_tau": 55.51521184200297,
          "std_tau": 30.208099334877296,
          "n_nan": 0,
          "n_valid": 16
        },
        "0.3": {
          "median_tau": 42.61733747409762,
          "mean_tau": 63.91161110477509,
          "std_tau": 45.86467499198091,
          "n_nan": 0,
          "n_valid": 16
        },
        "1.0": {
          "median_tau": 35.71558696558637,
          "mean_tau": 55.70601842343376,
          "std_tau": 39.273043796506954,
          "n_nan": 0,
          "n_valid": 16
        },
        "3.0": {
          "median_tau": 36.11092397551021,
          "mean_tau": 54.96590360209737,
          "std_tau": 46.443410053253174,
          "n_nan": 0,
          "n_valid": 16
        },
        "10.0": {
          "median_tau": 36.021814211123214,
          "mean_tau": 62.468669960548624,
          "std_tau": 65.03840276139373,
          "n_nan": 0,
          "n_valid": 16
        }
      },
      "clipped": {
        "0.1": {
          "median_tau": 46.74456628159689,
          "mean_tau": 56.62554175318034,
          "std_tau": 26.532988374203587,
          "n_nan": 0,
          "n_valid": 16
        },
        "0.3": {
          "median_tau": 45.165302128106156,
          "mean_tau": 57.87266328191912,
          "std_tau": 37.652529980676626,
          "n_nan": 0,
          "n_valid": 16
        },
        "1.0": {
          "median_tau": 41.65538700404569,
          "mean_tau": 46.702374992074226,
          "std_tau": 23.588822917518865,
          "n_nan": 0,
          "n_valid": 16
        },
        "3.0": {
          "median_tau": 36.04360043238573,
          "mean_tau": 55.00063815110171,
          "std_tau": 37.48429310714343,
          "n_nan": 0,
          "n_valid": 16
        },
        "10.0": {
          "median_tau": 36.09863492260149,
          "mean_tau": 55.01936831167703,
          "std_tau": 45.65718181066028,
          "n_nan": 0,
          "n_valid": 16
        }
      }
    },
    "100": {
      "tanh": {
        "0.1": {
          "median_tau": 114.7197567085423,
          "mean_tau": 101.44115197152385,
          "std_tau": 79.6207115476182,
          "n_nan": 0,
          "n_valid": 16
        },
        "0.3": {
          "median_tau": 128.50600654993298,
          "mean_tau": 104.44481289212838,
          "std_tau": 80.42547312892209,
          "n_nan": 0,
          "n_valid": 16
        },
        "1.0": {
          "median_tau": 116.97849843810882,
          "mean_tau": 104.43599772464017,
          "std_tau": 79.35875806970226,
          "n_nan": 0,
          "n_valid": 16
        },
        "3.0": {
          "median_tau": 132.66739723638142,
          "mean_tau": 110.34186588984457,
          "std_tau": 81.02510556176425,
          "n_nan": 0,
          "n_valid": 16
        },
        "10.0": {
          "median_tau": 180.2410142823513,
          "mean_tau": 129.90977827461558,
          "std_tau": 92.08684336684476,
          "n_nan": 0,
          "n_valid": 16
        }
      },
      "arctan": {
        "0.1": {
          "median_tau": 117.29638722958023,
          "mean_tau": 103.24324072083687,
          "std_tau": 80.0973783514626,
          "n_nan": 0,
          "n_valid": 16
        },
        "0.3": {
          "median_tau": 128.91987716984264,
          "mean_tau": 109.88145732815042,
          "std_tau": 81.03127333484792,
          "n_nan": 0,
          "n_valid": 16
        },
        "1.0": {
          "median_tau": 120.77657392669929,
          "mean_tau": 108.63034352040471,
          "std_tau": 82.72361686552154,
          "n_nan": 0,
          "n_valid": 16
        },
        "3.0": {
          "median_tau": 148.19526439732653,
          "mean_tau": 118.70284780026991,
          "std_tau": 86.8575770467365,
          "n_nan": 0,
          "n_valid": 16
        },
        "10.0": {
          "median_tau": 205.98835786166828,
          "mean_tau": 143.8871633536063,
          "std_tau": 103.13017927945371,
          "n_nan": 0,
          "n_valid": 16
        }
      },
      "erf": {
        "0.1": {
          "median_tau": 87.84139500094656,
          "mean_tau": 99.23376850503074,
          "std_tau": 84.51547450415862,
          "n_nan": 0,
          "n_valid": 16
        },
        "0.3": {
          "median_tau": 88.90934176680638,
          "mean_tau": 98.34753557793283,
          "std_tau": 80.57802878414024,
          "n_nan": 0,
          "n_valid": 16
        },
        "1.0": {
          "median_tau": 116.7832125326346,
          "mean_tau": 103.39434535295635,
          "std_tau": 78.8180669014091,
          "n_nan": 0,
          "n_valid": 16
        },
        "3.0": {
          "median_tau": 131.6680685208376,
          "mean_tau": 110.17405291303395,
          "std_tau": 80.90578836782966,
          "n_nan": 0,