{
  "log_uniform": {
    "Q_values": [
      0.1,
      0.316227766016838,
      1.0
    ],
    "tau_per_seed": [
      2.724129849594502,
      2.661862160373198,
      1.9047028382917452
    ],
    "tau_mean": 2.430231616086482
  },
  "linear": {
    "Q_values": [
      0.1,
      0.55,
      1.0
    ],
    "tau_per_seed": [
      4.055121305583803,
      4.3188707322301605,
      3.3316941006790373
    ],
    "tau_mean": 3.9018953794976667
  },
  "chebyshev": {
    "Q_values": [
      0.11667754916601475,
      0.316227766016838,
      0.8570629115436332
    ],
    "tau_per_seed": [
      10.44826709631061,
      21.533322769811242,
      47.295923741764476
    ],
    "tau_mean": 26.425837869295446
  },
  "geometric_skew": {
    "Q_values": [
      0.1,
      0.251188643150958,
      0.6309573444801932
    ],
    "tau_per_seed": [
      7.591225577322424,
      1.7780995500507644,
      17.070911306995647
    ],
    "tau_mean": 8.813412144789611
  },
  "sqrt_log": {
    "Q_values": [
      0.10000000000000002,
      0.1778279410038923,
      1.0
    ],
    "tau_per_seed": [
      2.049457196865961,
      1.7619087552948471,
      1.8260844756463483
    ],
    "tau_mean": 1.8791501426023853
  }
}