{
  "Q_grid": [
    0.1,
    0.13216207294336044,
    0.17466813524686128,
    0.23084502831376422,
    0.30508957470615816,
    0.4032127062657409,
    0.5328942709718261,
    0.7042841151127737,
    0.9307964859438446,
    1.2301599307073392,
    1.6258048649414265,
    2.1486974115205904,
    2.8397630403459395,
    3.753089700800592,
    4.960161148001825,
    6.555451794530399,
    8.663820982454096,
    11.450285406513153,
    15.132934551178858,
    20.000000000000004
  ],
  "W_grid": [
    0.1,
    0.12286253559934776,
    0.15095202653901,
    0.185463487344428,
    0.22786514316233974,
    0.2799608926363344,
    0.34396705137956807,
    0.4226066409512487,
    0.5192252346839357,
    0.6379332888043474,
    0.7837810140573315,
    0.9629732274171177,
    1.1831333243475444,
    1.4536276018142484,
    1.7859637297609765,
    2.1942803232690182,
    2.695948443325881,
    3.312310615921323,
    4.06958880964731,
    5.000000000000001
  ],
  "seeds": [
    42,
    123,
    999
  ],
  "n_steps": 1000000,
  "dt": 0.005,
  "ergodic_fraction_logosc": 0.63,
  "ergodic_fraction_tanh": 0.6275,
  "ratio_tanh_over_logosc": 0.9960317460317459,
  "mean_var_ratio_logosc_overall": 0.9824074982546207,
  "mean_var_ratio_tanh_overall": 0.9900847551459878
}