{
  "Q_grid": [
    0.1,
    0.13216207294336044,
    0.17466813524686128,
    0.23084502831376422,
    0.30508957470615816,
    0.4032127062657409,
    0.5328942709718261,
    0.7042841151127737,
    0.9307964859438446,
    1.2301599307073392,
    1.6258048649414265,
    2.1486974115205904,
    2.8397630403459395,
    3.753089700800592,
    4.960161148001825,
    6.555451794530399,
    8.663820982454096,
    11.450285406513153,
    15.132934551178858,
    20.000000000000004
  ],
  "W_grid": [
    0.1,
    0.12286253559934776,
    0.15095202653901,
    0.185463487344428,
    0.22786514316233974,
    0.2799608926363344,
    0.34396705137956807,
    0.4226066409512487,
    0.5192252346839357,
    0.6379332888043474,
    0.7837810140573315,
    0.9629732274171177,
    1.1831333243475444,
    1.4536276018142484,
    1.7859637297609765,
    2.1942803232690182,
    2.695948443325881,
    3.312310615921323,
    4.06958880964731,
    5.000000000000001
  ],
  "seeds": [
    42,
    123,
    999,
    777,
    2024,
    31415,
    271828,
    61803,
    1414,
    1618
  ],
  "n_steps": 1000000,
  "dt": 0.005,
  "integrator": "symmetric Trotter splitting (G-B-O-A-O-B-G) for Nose-Hoover N=1",
  "threshold": 0.05,
  "logosc": {
    "mean_first_frac": 0.68,
    "majority_vote_frac": 0.4725,
    "per_seed_frac": [
      0.5875,
      0.5475,
      0.535,
      0.55,
      0.54,
      0.5225,
      0.5375,
      0.52,
      0.55,
      0.55
    ],
    "restricted_critical_mean": 0.7,
    "restricted_critical_majority": 0.475,
    "restricted_wle2_mean": 0.59,
    "restricted_wle2_majority": 0.33
  },
  "tanh": {
    "mean_first_frac": 0.705,
    "majority_vote_frac": 0.43,
    "per_seed_frac": [
      0.5375,
      0.515,
      0.5075,
      0.5075,
      0.4975,
      0.5225,
      0.53,
      0.52,
      0.4975,
      0.5125
    ],
    "restricted_critical_mean": 0.7,
    "restricted_critical_majority": 0.275,
    "restricted_wle2_mean": 0.6133333333333333,
    "restricted_wle2_majority": 0.26666666666666666
  },
  "metric_tanh_majority_vote": 0.43
}