{
  "config": {
    "dim": 10,
    "kappa": 100,
    "Q_fixed": 100.0,
    "dt": 0.005,
    "n_steps": 500000,
    "seeds": [
      0,
      1,
      2
    ]
  },
  "diagnostics": {
    "tanh": {
      "taus": [
        462.0323954511146,
        27.40025596232349,
        499.018150279275
      ],
      "median_tau": 462.0323954511146,
      "mean_g": 0.36639312214593367,
      "mean_xi_abs": 0.41237962516385007,
      "mean_temp": 1.003144670638896,
      "std_temp": 1.571153125182233
    },
    "log-osc": {
      "taus": [
        338.5262618916042,
        27.406274809037857,
        376.01580247669506
      ],
      "median_tau": 338.5262618916042,
      "mean_g": 0.49955741636912504,
      "mean_xi_abs": 0.30064235341277523,
      "mean_temp": 0.9989727536455083,
      "std_temp": 1.5352130074895964
    },
    "rational": {
      "taus": [
        580.1810738645348,
        27.178368109819818,
        619.0366721135655
      ],
      "median_tau": 580.1810738645348,
      "mean_g": 0.298840100661667,
      "mean_xi_abs": 0.49910662093745245,
      "mean_temp": 0.9942123544275746,
      "std_temp": 1.5267322964078474
    }
  },
  "tau_vs_Q": {
    "tanh": {
      "10.0": {
        "median": 260.01746797986414,
        "mean": 230.33175728057813,
        "n": 5
      },
      "30.0": {
        "median": 322.31644158206626,
        "mean": 269.26238129226965,
        "n": 5
      },
      "100.0": {
        "median": 478.00922366432457,
        "mean": 393.3451343855196,
        "n": 5
      },
      "300.0": {
        "median": 767.1805054012876,
        "mean": 613.0571853205364,
        "n": 5
      }
    },
    "log-osc": {
      "10.0": {
        "median": 216.99660284011563,
        "mean": 234.64593718011383,
        "n": 5
      },
      "30.0": {
        "median": 265.4034365676477,
        "mean": 410.6395734543512,
        "n": 5
      },
      "100.0": {
        "median": 376.084127783999,
        "mean": 310.38329603540876,
        "n": 5
      },
      "300.0": {
        "median": 568.7734969789954,
        "mean": 448.48888374089586,
        "n": 5
      }
    },
    "rational": {
      "10.0": {
        "median": 323.52394692101,
        "mean": 277.2334197361523,
        "n": 5
      },
      "30.0": {
        "median": 397.2970940590553,
        "mean": 347.58159851492246,
        "n": 5
      },
      "100.0": {
        "median": 615.227231570825,
        "mean": 492.4314535746738,
        "n": 5
      },
      "300.0": {
        "median": 887.8406061038703,
        "mean": 727.2732064085774,
        "n": 5
      }
    }
  },
  "gap_losc_vs_tanh_at_Q100": 0.7326894504033148,
  "gap_rational_vs_tanh_at_Q100": 1.255715139407191
}