{
  "aniso": {
    "tanh": {
      "tau_int": [
        2.257656628456619,
        2.446187488904827,
        2.4190735282324907,
        2.77373470606934,
        2.256912841299204
      ],
      "median_tau": 2.4190735282324907,
      "iqr_tau": [
        2.257656628456619,
        2.446187488904827
      ]
    },
    "arctan": {
      "tau_int": [
        2.2263495889554075,
        2.4955494724369234,
        2.3649552818127244,
        2.6688566636751827,
        2.2624223978412354
      ],
      "median_tau": 2.3649552818127244,
      "iqr_tau": [
        2.2624223978412354,
        2.4955494724369234
      ]
    },
    "log-osc": {
      "tau_int": [
        1287.7632473732806,
        1000.922424325256,
        1362.7747844817034,
        1528.6849819464464,
        931.1097416055011
      ],
      "median_tau": 1287.7632473732806,
      "iqr_tau": [
        1000.922424325256,
        1362.7747844817034
      ]
    }
  },
  "gmm": {
    "tanh": {
      "crossings": [
        341,
        242,
        302,
        249,
        277
      ],
      "round_trips": [
        337,
        238,
        298,
        245,
        273
      ],
      "tv_distance": [
        0.03699999999999999,
        0.18016000000000001,
        0.12736,
        0.05098,
        0.05985999999999998
      ],
      "median_crossings": 277.0,
      "median_round_trips": 273.0,
      "median_tv": 0.05985999999999998
    },
    "arctan": {
      "crossings": [
        324,
        125,
        396,
        252,
        300
      ],
      "round_trips": [
        320,
        121,
        392,
        248,
        296
      ],
      "tv_distance": [
        0.08829999999999999,
        0.20318,
        0.07957999999999998,
        0.11257999999999999,
        0.0325
      ],
      "median_crossings": 300.0,
      "median_round_trips": 296.0,
      "median_tv": 0.08829999999999999
    },
    "log-osc": {
      "crossings": [
        380,
        313,
        385,
        266,
        357
      ],
      "round_trips": [
        376,
        309,
        381,
        262,
        353
      ],
      "tv_distance": [
        0.07058,
        0.13312000000000002,
        0.045259999999999995,
        0.11272000000000001,
        0.12699999999999997
      ],
      "median_crossings": 357.0,
      "median_round_trips": 353.0,
      "median_tv": 0.11272000000000001
    }
  },
  "Q_ranges": {
    "tanh": [
      50,
      500
    ],
    "arctan": [
      50,
      500
    ],
    "log-osc": [
      1,
      100
    ]
  }
}