{
  "5": {
    "D*kT/w2": {
      "tau_int": [
        672.6019090075193,
        526.6231823686956,
        430.59046584934475,
        469.33555522468623,
        1018.5478147594971
      ],
      "median_tau": 526.6231823686956,
      "iqr_tau": [
        469.33555522468623,
        672.6019090075193
      ],
      "q_range": [
        0.05,
        5.0
      ]
    },
    "kT/w2": {
      "tau_int": [
        571.7181922616894,
        518.047635054516,
        776.9993739788249,
        262.1799371072963,
        1468.7922886844628
      ],
      "median_tau": 571.7181922616894,
      "iqr_tau": [
        518.047635054516,
        776.9993739788249
      ],
      "q_range": [
        0.01,
        1.0
      ]
    },
    "fixed_50_500": {
      "tau_int": [
        2.956908652577867,
        2.97023974738258,
        23.874119944514323,
        2.8252671701860472,
        2.5475759422366946
      ],
      "median_tau": 2.956908652577867,
      "iqr_tau": [
        2.8252671701860472,
        2.97023974738258
      ],
      "q_range": [
        50.0,
        500.0
      ]
    },
    "fixed_10_1000": {
      "tau_int": [
        2.7334991268113926,
        2.3991597881935096,
        12.236256643138223,
        2.186113466709293,
        2.2460192891418718
      ],
      "median_tau": 2.3991597881935096,
      "iqr_tau": [
        2.2460192891418718,
        2.7334991268113926
      ],
      "q_range": [
        10.0,
        1000.0
      ]
    },
    "dim_scaled": {
      "tau_int": [
        2.7382326251372944,
        2.754698521990824,
        19.282984363610463,
        2.7879585643522615,
        2.632854018516369
      ],
      "median_tau": 2.754698521990824,
      "iqr_tau": [
        2.7382326251372944,
        2.7879585643522615
      ],
      "q_range": [
        25.0,
        500.0
      ]
    }
  },
  "10": {
    "D*kT/w2": {
      "tau_int": [
        938.1212174908676,
        1172.671979470545,
        825.437245676149,
        923.3580483231393,
        899.4554582458647
      ],
      "median_tau": 923.3580483231393,
      "iqr_tau": [
        899.4554582458647,
        938.1212174908676
      ],
      "q_range": [
        0.1,
        10.0
      ]
    },
    "kT/w2": {
      "tau_int": [
        1160.833474965538,
        928.9161611839083,
        717.6575075863464,
        838.7522131828379,
        751.7259497651046
      ],
      "median_tau": 838.7522131828379,
      "iqr_tau": [
        751.7259497651046,
        928.9161611839083
      ],
      "q_range": [
        0.01,
        1.0
      ]
    },
    "fixed_50_500": {
      "tau_int": [
        2.4905497932218816,
        2.7006449142485094,
        14.595243274665112,
        2.3392892693002088,
        2.120204060837815
      ],
      "median_tau": 2.4905497932218816,
      "iqr_tau": [
        2.3392892693002088,
        2.7006449142485094
      ],
      "q_range": [
        50.0,
        500.0
      ]
    },
    "fixed_10_1000": {
      "tau_int": [
        2.5451321283082935,
        2.59557734406765,
        9.825782105337417,
        2.349571596491383,
        2.2083863127594485
      ],
      "median_tau": 2.5451321283082935,
      "iqr_tau": [
        2.349571596491383,
        2.59557734406765
      ],
      "q_range": [
        10.0,
        1000.0
      ]
    },
    "dim_scaled": {
      "tau_int": [
        2.4837135736975817,
        2.6938413397893965,
        17.08884754260252,
        2.3558914426449706,
        2.1227421461360705
      ],
      "median_tau": 2.4837135736975817,
      "iqr_tau": [
        2.3558914426449706,
        2.6938413397893965
      ],
      "q_range": [
        50.0,
        1000.0
      ]
    }
  },
  "20": {
    "D*kT/w2": {
      "tau_int": [
        1916.7386278129975,
        1147.324855896231,
        1359.855626296893,
        883.922310455396,
        1013.5417491217568
      ],
      "median_tau": 1147.324855896231,
      "iqr_tau": [
        1013.5417491217568,
        1359.855626296893
      ],
      "q_range": [
        0.2,
        20.0
      ]
    },
    "kT/w2": {
      "tau_int": [
        1616.7150005376766,
        1384.078809409617,
        1450.0178674091499,
        1294.5815637150758,
        1093.926755742611
      ],
      "median_tau": 1384.078809409617,
      "iqr_tau": [
        1294.5815637150758,
        1450.0178674091499
      ],
      "q_range": [
        0.01,
        1.0
      ]
    },
    "fixed_50_500": {
      "tau_int": [
        4.7671390384705,
        4.925669150655645,
        5.639979660264659,
        5.596757941656721,
        4.769876547840909
      ],
      "median_tau": 4.925669150655645,
      "iqr_tau": [
        4.769876547840909,
        5.596757941656721
      ],
      "q_range": [
        50.0,
        500.0
      ]
    },
    "fixed_10_1000": {
      "tau_int": [
        5.333246999462277,
        5.155420195840767,
        372.06038198920777,
        13.997703421127024,
        4.905313958852265
      ],
      "median_tau": 5.333246999462277,
      "iqr_tau": [
        5.155420195840767,
        13.997703421127024
      ],
      "q_range": [
        10.0,
        1000.0
      ]
    },
    "dim_scaled": {
      "tau_int": [
        4.916680979558427,
        4.815306109763666,
        5.478153947958553,
        5.470724692949663,
        4.659221072467332
      ],
      "median_tau": 4.916680979558427,
      "iqr_tau": [
        4.815306109763666,
        5.470724692949663
      ],
      "q_range": [
        100.0,
        2000.0
      ]
    }
  }
}