{
  "42": {
    "0.0": {
      "kl": 0.059774365018952294,
      "ess": 0.0014198264780335074,
      "tau": 633.8816847862449,
      "wall_seconds": 43.694263219833374,
      "nan": false,
      "n_samples": 450001
    },
    "0.01": {
      "kl": 0.21633014736950573,
      "ess": 0.004728436882254693,
      "tau": 190.33816510856033,
      "wall_seconds": 40.496556997299194,
      "nan": false,
      "n_samples": 450001
    },
    "0.05": {
      "kl": 0.480252043044566,
      "ess": 0.006450294558895,
      "tau": 139.52882178983455,
      "wall_seconds": 40.6714448928833,
      "nan": false,
      "n_samples": 450001
    },
    "0.1": {
      "kl": 0.4693606755407555,
      "ess": 0.0064309062041969,
      "tau": 139.94948323342766,
      "wall_seconds": 42.65075898170471,
      "nan": false,
      "n_samples": 450001
    },
    "0.5": {
      "kl": 0.43241686627619436,
      "ess": 0.005976819104970024,
      "tau": 150.5821046602537,
      "wall_seconds": 44.00324296951294,
      "nan": false,
      "n_samples": 450001
    }
  },
  "123": {
    "0.0": {
      "kl": 0.07854581901179483,
      "ess": 0.0013241691668332317,
      "tau": 679.6729772468324,
      "wall_seconds": 41.51249623298645,
      "nan": false,
      "n_samples": 450001
    },
    "0.01": {
      "kl": 0.9741532693448389,
      "ess": 0.006174457751575748,
      "tau": 145.7621116235374,
      "wall_seconds": 38.828258752822876,
      "nan": false,
      "n_samples": 450001
    },
    "0.05": {
      "kl": 0.48084405801594005,
      "ess": 0.006450623868349269,
      "tau": 139.5216987330425,
      "wall_seconds": 39.00641584396362,
      "nan": false,
      "n_samples": 450001
    },
    "0.1": {
      "kl": 0.4689838737807233,
      "ess": 0.0064305728525397565,
      "tau": 139.9567380135572,
      "wall_seconds": 40.46689295768738,
      "nan": false,
      "n_samples": 450001
    },
    "0.5": {
      "kl": 0.43237882260951166,
      "ess": 0.005976827257242208,
      "tau": 150.58189926929117,
      "wall_seconds": 42.66266703605652,
      "nan": false,
      "n_samples": 450001
    }
  },
  "7": {
    "0.0": {
      "kl": 0.0595726387628955,
      "ess": 0.002913987887354521,
      "tau": 308.8557793618942,
      "wall_seconds": 42.91821908950806,
      "nan": false,
      "n_samples": 450001
    },
    "0.01": {
      "kl": 0.42025129132150896,
      "ess": 0.0064728767484654335,
      "tau": 139.0420418886192,
      "wall_seconds": 39.8177649974823,
      "nan": false,
      "n_samples": 450001
    },
    "0.05": {
      "kl": 0.4805778329452364,
      "ess": 0.006450609409247435,
      "tau": 139.52201147224622,
      "wall_seconds": 39.894397258758545,
      "nan": false,
      "n_samples": 450001
    },
    "0.1": {
      "kl": 0.4696864844355151,
      "ess": 0.006430556966845735,
      "tau": 139.9570837549802,
      "wall_seconds": 41.44335675239563,
      "nan": false,
      "n_samples": 450001
    },
    "0.5": {
      "kl": 17.607849627859952,
      "ess": 0.0,
      "tau": null,
      "wall_seconds": 43.65616512298584,
      "nan": false,
      "n_samples": 450001
    }
  }
}