{
  "aniso_gaussian": {
    "nh_logosc_Q=0.05": 20.00135755460707,
    "nh_logosc_Q=0.1": 20.0015173602983,
    "nh_logosc_Q=0.3": 20.0040624895766,
    "nh_logosc_Q=1.0": 20.280341055494773,
    "nhc_tanh_Q=0.05": 31.082637971022148,
    "nhc_tanh_Q=0.1": 30.601844563871555,
    "nhc_tanh_Q=0.3": 28.04831756180494,
    "nhc_tanh_Q=1.0": 22.681699054363325,
    "esh_pure_p0=0.5": 3785.872234017227,
    "esh_pure_p0=1.0": 4010.602625331867,
    "esh_pure_p0=2.0": 4919.306825587129,
    "esh_pure_p0=5.0": 5071.6606256849645,
    "hybrid_correct_Q=0.1_p0=0.5": 204.0980561874851,
    "hybrid_correct_Q=0.1_p0=1.0": 104.29404266452603,
    "hybrid_correct_Q=0.1_p0=2.0": 56.50947111135312,
    "hybrid_correct_Q=0.1_p0=5.0": 26.732730117603563,
    "hybrid_correct_Q=0.3_p0=0.5": 190.22269846443052,
    "hybrid_correct_Q=0.3_p0=1.0": 96.69912560141893,
    "hybrid_correct_Q=0.3_p0=2.0": 50.697146521760736,
    "hybrid_correct_Q=0.3_p0=5.0": 25.617144808081278,
    "hybrid_heuristic_Q=0.1_p0=0.5": 211.26941291615876,
    "hybrid_heuristic_Q=0.1_p0=1.0": 107.11277279255218,
    "hybrid_heuristic_Q=0.1_p0=2.0": 56.26755824406699,
    "hybrid_heuristic_Q=0.1_p0=5.0": 26.95874684893726,
    "hybrid_heuristic_Q=0.3_p0=0.5": 213.42469874629322,
    "hybrid_heuristic_Q=0.3_p0=1.0": 107.18878649170249,
    "hybrid_heuristic_Q=0.3_p0=2.0": 56.416540846628216,
    "hybrid_heuristic_Q=0.3_p0=5.0": 26.40957045352041
  },
  "harmonic_1d": {
    "nh_logosc_Q=0.1": {
      "score": 0.6120727062329302,
      "ks_q": 0.06639838776411267,
      "ks_p": 0.06660555781702404,
      "var_q_err": 0.10667160870877013,
      "var_p_err": 0.10604595993011434,
      "coverage": 0.275,
      "ergodic": 0.0
    },
    "nh_logosc_Q=0.3": {
      "score": 0.7150646191153114,
      "ks_q": 0.03801551884442034,
      "ks_p": 0.03828761319713821,
      "var_q_err": 0.22546088597555425,
      "var_p_err": 0.22805843617906862,
      "coverage": 0.4925,
      "ergodic": 0.0
    },
    "nh_logosc_Q=1.0": {
      "score": 0.5908550061965397,
      "ks_q": 0.04392535946143866,
      "ks_p": 0.03937899641802867,
      "var_q_err": 0.13699969109986299,
      "var_p_err": 0.0001050722730849829,
      "coverage": 0.25,
      "ergodic": 0.0
    },
    "nhc_tanh_Q=0.1": {
      "score": 0.8949343929753963,
      "ks_q": 0.015485636583594586,
      "ks_p": 0.006872020592132988,
      "var_q_err": 0.02277342990375819,
      "var_p_err": 0.0038362163033105467,
      "coverage": 0.745,
      "ergodic": 1.0
    },
    "nhc_tanh_Q=0.3": {
      "score": 0.8575310426220483,
      "ks_q": 0.01348781234871188,
      "ks_p": 0.007020558787914966,
      "var_q_err": 0.06342094640425955,
      "var_p_err": 0.0027109008451835503,
      "coverage": 0.6825,
      "ergodic": 1.0
    },
    "nhc_tanh_Q=1.0": {
      "score": 0.8811253287556242,
      "ks_q": 0.00972146658983064,
      "ks_p": 0.009832989703582373,
      "var_q_err": 0.01653643367098412,
      "var_p_err": 0.002040377020072759,
      "coverage": 0.7025,
      "ergodic": 1.0
    },
    "hybrid_correct_Q=0.1_p0=0.5": {
      "score": 0.0,
      "ks_q": 0.05809979698775003,
      "ks_p": 0.2700307100875211,
      "var_q_err": 0.07028894942206776,
      "var_p_err": 5.17830429547697,
      "coverage": 0.5825,
      "ergodic": 0.0
    },
    "hybrid_correct_Q=0.1_p0=1.0": {
      "score": 0.45094638740527465,
      "ks_q": 0.05510642252437936,
      "ks_p": 0.1246634191852184,
      "var_q_err": 0.025917906755251185,
      "var_p_err": 0.7759122877846949,
      "coverage": 0.4675,
      "ergodic": 0.0
    },
    "hybrid_correct_Q=0.1_p0=2.0": {
      "score": 0.643413819108106,
      "ks_q": 0.0646490231717507,
      "ks_p": 0.0819093865574006,
      "var_q_err": 0.08621952055392057,
      "var_p_err": 0.0438460075012872,
      "coverage": 0.3175,
      "ergodic": 0.0
    },
    "hybrid_correct_Q=0.3_p0=0.5": {
      "score": 0.0,
      "ks_q": 0.017318766581295775,
      "ks_p": 0.1929000311014672,
      "var_q_err": 0.03117599852760866,
      "var_p_err": 5.63587524073736,
      "coverage": 0.73,
      "ergodic": 0.0
    },
    "hybrid_correct_Q=0.3_p0=1.0": {
      "score": 0.0,
      "ks_q": 0.03628487450337892,
      "ks_p": 0.10739492592497213,
      "var_q_err": 0.1293363958061413,
      "var_p_err": 1.6648275193043967,
      "coverage": 0.7475,
      "ergodic": 0.0
    },
    "hybrid_correct_Q=0.3_p0=2.0": {
      "score": 0.3904579262890151,
      "ks_q": 0.09261940764312687,
      "ks_p": 0.17273634153958906,
      "var_q_err": 0.05298734881667211,
      "var_p_err": 0.20046721907556164,
      "coverage": 0.09,
      "ergodic": 0.0
    },
    "hybrid_heuristic_Q=0.1_p0=0.5": {
      "score": 0.3515285685501463,
      "ks_q": 0.11417364808749385,
      "ks_p": 0.1418517741502775,
      "var_q_err": 0.49380299867656374,
      "var_p_err": 0.35095395262319573,
      "coverage": 0.1,
      "ergodic": 0.0
    },
    "hybrid_heuristic_Q=0.1_p0=1.0": {
      "score": 0.5440696770312339,
      "ks_q": 0.06498049942024486,
      "ks_p": 0.0797040672428656,
      "var_q_err": 0.32039145735082664,
      "var_p_err": 0.006194605162508804,
      "coverage": 0.2575,
      "ergodic": 0.0
    },
    "hybrid_heuristic_Q=0.1_p0=2.0": {
      "score": 0.6389161516710338,
      "ks_q": 0.06609966967265085,
      "ks_p": 0.08381851886437552,
      "var_q_err": 0.03536288377021379,
      "var_p_err": 0.11728527083270146,
      "coverage": 0.3225,
      "ergodic": 0.0
    },
    "hybrid_heuristic_Q=0.3_p0=0.5": {
      "score": 0.5127586136798419,
      "ks_q": 0.09604422442222246,
      "ks_p": 0.055144994772003575,
      "var_q_err": 0.5548084597035621,
      "var_p_err": 0.31824565075901634,
      "coverage": 0.335,
      "ergodic": 0.0
    },
    "hybrid_heuristic_Q=0.3_p0=1.0": {
      "score": 0.6086757393580049,
      "ks_q": 0.05411258535997687,
      "ks_p": 0.02972281408921884,
      "var_q_err": 0.3726138426591644,
      "var_p_err": 0.010892665478928865,
      "coverage": 0.38,
      "ergodic": 0.0
    },
    "hybrid_heuristic_Q=0.3_p0=2.0": {
      "score": 0.3944472040020117,
      "ks_q": 0.08131297895410583,
      "ks_p": 0.1503806972615629,
      "var_q_err": 0.09707373109851924,
      "var_p_err": 0.0023923178600900874,
      "coverage": 0.08,
      "ergodic": 0.0
    }
  },
  "double_well": {
    "nh_logosc_Q=0.1": {
      "kl": 0.4356868803206367,
      "kls": [
        0.5198648682935271,
        0.35276487631614034,
        0.4356868803206367
      ]
    },
    "nh_logosc_Q=0.3": {
      "kl": 0.25545093366648425,
      "kls": [
        0.10782159694496513,
        0.25545093366648425,
        0.4094498495840718
      ]
    },
    "nh_logosc_Q=1.0": {
      "kl": 0.06884908513136168,
      "kls": [
        0.10542886719587981,
        0.06884908513136168,
        0.06106281508254897
      ]
    },
    "nhc_tanh_Q=0.1": {
      "kl": 0.05504545523428636,
      "kls": [
        0.05482359439038867,
        0.05584993946435739,
        0.05504545523428636
      ]
    },
    "nhc_tanh_Q=0.3": {
      "kl": 0.059997674851532214,
      "kls": [
        0.059997674851532214,
        0.05907808932239916,
        0.0640257201249455
      ]
    },
    "nhc_tanh_Q=1.0": {
      "kl": 0.061777722606554133,
      "kls": [
        0.061777722606554133,
        0.06112393922490136,
        0.06359574709563157
      ]
    },
    "hybrid_correct_Q=0.1_p0=0.5": {
      "kl": 0.22701049283678504,
      "kls": [
        0.19802988449701386,
        0.3346909440685625,
        0.22701049283678504
      ]
    },
    "hybrid_correct_Q=0.1_p0=1.0": {
      "kl": 0.19627046497348155,
      "kls": [
        0.19627046497348155,
        0.7498334877012984,
        0.14999435347300327
      ]
    },
    "hybrid_correct_Q=0.1_p0=2.0": {
      "kl": 0.43692768567772877,
      "kls": [
        0.3412442474514842,
        0.46120816155701816,
        0.43692768567772877
      ]
    },
    "hybrid_correct_Q=0.3_p0=0.5": {
      "kl": 0.14782864486133068,