{
  "0.0": {
    "tau_mean": 8.620919463431989,
    "tau_std": 11.855111102146925,
    "tau_median": 1.272388280728404,
    "ergodicity_mean": 0.11000000000000001,
    "n_runs": 10
  },
  "0.5": {
    "tau_mean": 2.5655629791873236,
    "tau_std": 4.099728653330707,
    "tau_median": 1.2251794940650493,
    "ergodicity_mean": 0.030000000000000006,
    "n_runs": 10
  },
  "1.0": {
    "tau_mean": 2.5175344576546554,
    "tau_std": 4.2652166903748885,
    "tau_median": 1.0849402323893331,
    "ergodicity_mean": 0.12,
    "n_runs": 10
  },
  "1.5": {
    "tau_mean": 1.4539515731983568,
    "tau_std": 1.0324952592405627,
    "tau_median": 1.0903044140798963,
    "ergodicity_mean": 0.04,
    "n_runs": 10
  },
  "2.0": {
    "tau_mean": 1.4897876238501302,
    "tau_std": 1.0836406429717989,
    "tau_median": 1.1381979062481729,
    "ergodicity_mean": 0.07,
    "n_runs": 10
  }
}