{
  "aniso5": {
    "NH_identity": {
      "ess_per_fe": [
        0.0003512742811980041,
        0.00014187237736359992,
        0.00036668545668773147,
        0.0001664635719632621,
        0.00013068917174171609
      ],
      "median_ess": 0.0001664635719632621,
      "iqr_ess": [
        0.00014187237736359992,
        0.0003512742811980041
      ],
      "mean_accept": 1.0
    },
    "NH_tanh": {
      "ess_per_fe": [
        0.08565229282912933,
        0.080525765848476,
        0.08472326623023838,
        0.08381930382630466,
        0.054812429780108175
      ],
      "median_ess": 0.08381930382630466,
      "iqr_ess": [
        0.080525765848476,
        0.08472326623023838
      ],
      "mean_accept": 1.0
    },
    "NHC_M3": {
      "ess_per_fe": [
        0.03623591732490279,
        0.028518244092156093,
        0.03872002758734109,
        0.01569610206918835,
        0.0004362520081007237
      ],
      "median_ess": 0.028518244092156093,
      "iqr_ess": [
        0.01569610206918835,
        0.03623591732490279
      ],
      "mean_accept": 1.0
    },
    "HMC_tuned": {
      "ess_per_fe": [
        0.0009252745043733685,
        0.0006254376390686661,
        0.0008915379233319521,
        0.0008763257872495516,
        0.0008954185035075107
      ],
      "median_ess": 0.0008915379233319521,
      "iqr_ess": [
        0.0008763257872495516,
        0.0008954185035075107
      ],
      "mean_accept": 0.9214533235325003,
      "dt_hmc": 0.01
    },
    "HMC_untuned": {
      "ess_per_fe": [
        0.0010185058802786745,
        0.0016836192329479163,
        0.0013422086946135497,
        0.0006456634661143063,
        0.0007858472234736518
      ],
      "median_ess": 0.0010185058802786745,
      "iqr_ess": [
        0.0007858472234736518,
        0.0013422086946135497
      ],
      "mean_accept": 0.9134516433896881,
      "dt_hmc": 0.1
    },
    "Langevin": {
      "ess_per_fe": [
        0.007409723988773923,
        0.0076559503261331135,
        0.007293563581019739,
        0.007769145199793074,
        0.007608140665796254
      ],
      "median_ess": 0.007608140665796254,
      "iqr_ess": [
        0.007409723988773923,
        0.0076559503261331135
      ],
      "mean_accept": 1.0
    }
  },
  "aniso10": {
    "NH_identity": {
      "ess_per_fe": [
        0.00013463168817370928,
        0.0003156092184554288,
        0.00013933838798028847,
        0.00022961916680709757,
        0.00024001043010344987
      ],
      "median_ess": 0.00022961916680709757,
      "iqr_ess": [
        0.00013933838798028847,
        0.00024001043010344987
      ],
      "mean_accept": 1.0
    },
    "NH_tanh": {
      "ess_per_fe": [
        0.093552625884849,
        0.09159809666166517,
        0.09133584777224114,
        0.09386510553101672,
        0.007097999546656233
      ],
      "median_ess": 0.09159809666166517,
      "iqr_ess": [
        0.09133584777224114,
        0.093552625884849
      ],
      "mean_accept": 1.0
    },
    "NHC_M3": {
      "ess_per_fe": [
        0.04751328123395726,
        0.002984613108362832,
        0.0007554548254122468,
        0.0017477712765912423,
        0.001080732503680851
      ],
      "median_ess": 0.0017477712765912423,
      "iqr_ess": [
        0.001080732503680851,
        0.002984613108362832
      ],
      "mean_accept": 1.0
    },
    "HMC_tuned": {
      "ess_per_fe": [
        0.005004657742185789,
        0.0053487927828664615,
        0.0047046324312602274,
        0.0038584678957163036,
        0.004617524857989597
      ],
      "median_ess": 0.0047046324312602274,
      "iqr_ess": [
        0.004617524857989597,
        0.005004657742185789
      ],
      "mean_accept": 0.9158038433266829,
      "dt_hmc": 0.01
    },
    "HMC_untuned": {
      "ess_per_fe": [
        0.001106390222598023,
        0.0010530138715446988,
        0.0006425679598995058,
        0.0014276104560183261,
        0.0014150019970638182
      ],
      "median_ess": 0.001106390222598023,
      "iqr_ess": [
        0.0010530138715446988,
        0.0014150019970638182
      ],
      "mean_accept": 0.9135146487451434,
      "dt_hmc": 0.1
    },
    "Langevin": {
      "ess_per_fe": [
        0.00815205796520907,
        0.008299239974677103,
        0.008599889910912813,
        0.00787672503859536,
        0.008063355665794534
      ],
      "median_ess": 0.00815205796520907,
      "iqr_ess": [
        0.008063355665794534,
        0.008299239974677103
      ],
      "mean_accept": 1.0
    }
  },
  "dw2d": {
    "NH_identity": {
      "ess_per_fe": [
        0.019209101525021664,
        0.02334319697085634,
        0.019585975548656834,
        0.017518216016070086,
        0.01820314759798161
      ],
      "median_ess": 0.019209101525021664,
      "iqr_ess": [
        0.01820314759798161,
        0.019585975548656834
      ],
      "mean_accept": 1.0
    },
    "NH_tanh": {
      "ess_per_fe": [
        0.0055401732305492895,
        0.03393820251767098,
        0.032408946326182346,
        0.03685084189964183,
        0.037784026530361794
      ],
      "median_ess": 0.03393820251767098,
      "iqr_ess": [
        0.032408946326182346,
        0.03685084189964183
      ],
      "mean_accept": 1.0
    },
    "NHC_M3": {
      "ess_per_fe": [
        0.011008946754331604,
        0.010253157400970686,
        0.010442359170858244,
        0.00016276975412464733,
        0.00022449156436145647
      ],
      "median_ess": 0.010253157400970686,
      "iqr_ess": [
        0.00022449156436145647,
        0.010442359170858244
      ],
      "mean_accept": 1.0
    },
    "HMC_tuned": {
      "ess_per_fe": [
        0.02609190653705175,
        0.0256461228271501,
        0.027409369542887085,
        0.027738321157968125,
        0.026155319481556524
      ],
      "median_ess": 0.026155319481556524,
      "iqr_ess": [
        0.02609190653705175,
        0.027409369542887085
      ],
      "mean_accept": 0.9806363540900976,
      "dt_hmc": 0.2
    },
    "HMC_untuned": {
      "ess_per_fe": [
        0.02609190653705175,
        0.0256461228271501,
        0.027409369542887085,
        0.027738321157968125,
        0.026155319481556524
      ],
      "median_ess": 0.026155319481556524,
      "iqr_ess": [
        0.02609190653705175,
        0.027409369542887085
      ],
      "mean_accept": 0.9806363540900976,
      "dt_hmc": 0.2
    },
    "Langevin": {
      "ess_per_fe": [
        0.007816173745618034,
        0.010190727406752824,
        0.0076124819059454184,
        0.008648226904904327,
        0.008106608188049277
      ],
      "median_ess": 0.008106608188049277,
      "iqr_ess": [
        0.007816173745618034,
        0.008648226904904327
      ],
      "mean_accept": 1.0
    }
  },
  "gmm2d": {
    "NH_identity": {
      "ess_per_fe": [
        0.0007833568967639486,
        0.000685348279765614,
        0.03314836082809371,
        0.001171829780924236,
        0.0008978707358906878
      ],
      "median_ess": 0.0008978707358906878,
      "iqr_ess": [
        0.0007833568967639486,
        0.001171829780924236
      ],
      "mean_accept": 1.0
    },
    "NH_tanh": {
      "ess_per_fe": [
        0.0002745532006464204,
        0.004778284751875233,
        0.03479381333365656,
        0.0012191577508834425,
        0.00022645394021530944
      ],
      "median_ess": 0.0012191577508834425,
      "iqr_ess": [
        0.0002745532006464204,
        0.004778284751875233
      ],
      "mean_accept": 1.0
    },
    "NHC_M3": {
      "ess_per_fe": [
        0.00014242477364735984,
        0.0001026436897481816,
        0.00016374103146717155,
        9.772922807947707e-05,
        0.0001392731686453869
      ],
      "median_ess": 0.0001392731686453869,
      "iqr_ess": [
        0.0001026436897481816,
        0.00014242477364735984
      ],
      "mean_accept": 1.0
    },