{
  "omegas": [
    0.1,
    0.25,
    0.4,
    0.5499999999999999,
    0.7,
    0.72,
    0.74,
    0.76,
    0.8,
    1.1142857142857143,
    1.4285714285714288,
    1.742857142857143,
    2.0571428571428574,
    2.371428571428572,
    2.685714285714286,
    3.0
  ],
  "methods": {
    "logosc": {
      "median_err": [
        0.16584699174894044,
        0.15518764507545402,
        0.16307387872077514,
        0.17757609010713063,
        0.21713281442701818,
        0.20054518368718668,
        0.13719268990428254,
        0.12160487575606826,
        0.1983581907918894,
        0.09108010293179608,
        0.06575666536377775,
        0.030199559226684148,
        0.019218801598516088,
        0.008764174943105862,
        0.011026089866514587,
        0.007722954345084937
      ],
      "q25_err": [
        0.12626069940583387,
        0.12347663739331005,
        0.12697181550857167,
        0.13207353585046216,
        0.15288127866206846,
        0.1274461855017942,
        0.08661258820095778,
        0.08315342430992277,
        0.13932992149455575,
        0.08746015402185026,
        0.034338492377875986,
        0.017646793238665626,
        0.01667411129386201,
        0.007833724425596999,
        0.009064182083449342,
        0.0050948674529098514
      ],
      "q75_err": [
        0.18047262474743295,
        0.1808171834688031,
        0.19087812138851734,
        0.2113727682718789,
        0.26430750744278875,
        0.2616150237298579,
        0.1549317249326576,
        0.1797851708723782,
        0.2581758334699627,
        0.1397216689997311,
        0.0707535524047165,
        0.052668275942858465,
        0.035459395630812816,
        0.023158206538388126,
        0.02035842993960102,
        0.015048930951452426
      ]
    },
    "tanh": {
      "median_err": [
        0.16609761752643382,
        0.021720823045344728,
        0.013301900875868855,
        0.010808617110398244,
        0.009301495118569238,
        0.009646313787891112,
        0.009465754769129437,
        0.009073498488810334,
        0.009108363082804518,
        0.00848621962785525,
        0.008197202911827064,
        0.008032044990118534,
        0.007924827717437152,
        0.007849109292989239,
        0.007792573687449693,
        0.007748826691394664
      ],
      "q25_err": [
        0.12346677279843216,
        0.013274787150371448,
        0.011543371309464166,
        0.008483994321256927,
        0.0048234070788233455,
        0.006009709072277344,
        0.0051137390500287806,
        0.004547969761025539,
        0.004707301234770755,
        0.005089705956536963,
        0.0052907549763767416,
        0.005417427143906705,
        0.0055046101137790964,
        0.005568004081902717,
        0.0056154324424472785,
        0.005651016772445221
      ],
      "q75_err": [
        0.17911466534471482,
        0.029214820407322317,
        0.01345254124085166,
        0.011740684022280127,
        0.011063035144501132,
        0.011495128516290688,
        0.011580015014887588,
        0.010936392233887855,
        0.011264204749800728,
        0.010930672613819324,
        0.010763550147594916,
        0.010665977155262633,
        0.01060458409555888,
        0.010565163118355196,
        0.010540684188943612,
        0.010527185744489659
      ]
    },
    "NHC_M3": {
      "median_err": [
        0.04708384182454609,
        0.085517206082933,
        0.036978054093039676,
        0.05259607139164627,
        0.04400613566450224,
        0.036731353455732925,
        0.03502222383276559,
        0.020409859986143822,
        0.05156569680349748,
        0.015532251072825833,
        0.012706465886393499,
        0.02122396989696384,
        0.06857653960843471,
        0.06293960828716133,
        0.10142043694959778,
        0.03681944864970886
      ],
      "q25_err": [
        0.03583418379983656,
        0.0625173375436282,
        0.036194761610471464,
        0.029749494186632742,
        0.04345055787068138,
        0.02923701198463083,
        0.02661715122714477,
        0.010933850072781132,
        0.02994075677428285,
        0.012143068349089469,
        0.010985604354439717,
        0.012072221308680834,
        0.03443124493288258,
        0.04365053592012565,
        0.05597920672143594,
        0.02233215277923091
      ],
      "q75_err": [
        0.1378251530240867,
        0.08626209833248955,
        0.08531065195536329,
        0.1003122554659963,
        0.0658554690282224,
        0.08320761466740749,
        0.04133611621953863,
        0.030230605293876885,
        0.07728604686194708,
        0.02475863871924137,
        0.019484865638828935,
        0.034220262665430275,
        0.08637699712832385,
        0.07531801522829529,
        0.1048244287090839,
        0.08560720634398608
      ]
    }
  }
}