{
  "harmonic_1d": {
    "kl_mean": 0.0008831070482021058,
    "kl_std": 0.00016452212188174066,
    "erg_mean": 0.9434505408899884,
    "erg_std": 0.006132894955065178,
    "ess_mean": 0.0065789256776153495,
    "dt": 0.015,
    "kl_trace": [
      [
        150000,
        0.010280114598833181
      ],
      [
        150001,
        0.010278525350866732
      ],
      [
        150002,
        0.010276944910905455
      ],
      [
        200000,
        0.006171408289420157
      ],
      [
        200001,
        0.006170981159327455
      ],
      [
        200002,
        0.0061705559806217005
      ],
      [
        250000,
        0.004138569489427677
      ],
      [
        250001,
        0.00413807005511808
      ],
      [
        250002,
        0.0041375725647526266
      ],
      [
        300000,
        0.0036847539658925537
      ],
      [
        300001,
        0.0036843057878844848
      ],
      [
        300002,
        0.0036838586683240145
      ],
      [
        350000,
        0.00314590258740666
      ],
      [
        350001,
        0.003145996009519499
      ],
      [
        350002,
        0.0031460897350094994
      ],
      [
        400000,
        0.002509687190363354
      ],
      [
        400001,
        0.0025097298532337944
      ],
      [
        400002,
        0.0025097727295217112
      ],
      [
        450000,
        0.002142439862759389
      ],
      [
        450001,
        0.0021425181694477817
      ],
      [
        450002,
        0.0021425966193384773
      ],
      [
        500000,
        0.0016383562410078006
      ],
      [
        500001,
        0.0016382709465146527
      ],
      [
        500002,
        0.0016381857607814848
      ],
      [
        550000,
        0.001226992667433331
      ],
      [
        550001,
        0.0012270178278389072
      ],
      [
        550002,
        0.0012270431008150852
      ],
      [
        600000,
        0.0008809554831659649
      ],
      [
        600001,
        0.0008809480406556271
      ],
      [
        600002,
        0.0008809406613631698
      ],
      [
        650000,
        0.0009774685126517203
      ],
      [
        650001,
        0.0009774797093413052
      ],
      [
        650002,
        0.0009774909573383186
      ],
      [
        700000,
        0.0007622678611735701
      ],
      [
        700001,
        0.0007623472986473273
      ],
      [
        700002,
        0.000762426810270891
      ],
      [
        750000,
        0.0007463956522203347
      ],
      [
        750001,
        0.0007463631525500533
      ],
      [
        750002,
        0.0007463307627778843
      ],
      [
        800000,
        0.0007139573276491472
      ],
      [
        800001,
        0.0007139859391406486
      ],
      [
        800002,
        0.0007140146687997337
      ],
      [
        850000,
        0.0006740713409601222
      ],
      [
        850001,
        0.0006740391155238395
      ],
      [
        850002,
        0.000674006916439801
      ],
      [
        900000,
        0.0006966158170191911
      ],
      [
        900001,
        0.000696621446422449
      ],
      [
        900002,
        0.000696627119588106
      ],
      [
        950000,
        0.0006452823813219846
      ],
      [
        950001,
        0.0006452787862491134
      ],
      [
        950002,
        0.000645275230269312
      ],
      [
        1000000,
        0.0008846771944941715
      ]
    ]
  },
  "double_well_2d": {
    "kl_mean": 0.007023590042404475,
    "kl_std": 0.0001844107811494316,
    "ess_mean": 0.0047130524858720125,
    "ttt_mean": 383333.3333333333,
    "dt": 0.06,
    "kl_trace": [
      [
        150000,
        0.06462807576742277
      ],
      [
        150001,
        0.06463182175860124
      ],
      [
        150002,
        0.06463041631858604
      ],
      [
        200000,
        0.029107256789845562
      ],
      [
        200001,
        0.029106688007506876
      ],
      [
        200002,
        0.029106264064810726
      ],
      [
        250000,
        0.01784002471636811
      ],
      [
        250001,
        0.017840184546159956
      ],
      [
        250002,
        0.017840368099690404
      ],
      [
        300000,
        0.014526750042698017
      ],
      [
        300001,
        0.014526862679764885
      ],
      [
        300002,
        0.014527033952207332
      ],
      [
        350000,
        0.011334115683163424
      ],
      [
        350001,
        0.01133377859603945
      ],
      [
        350002,
        0.01133346986430417
      ],
      [
        400000,
        0.009459855837963778
      ],
      [
        400001,
        0.009459904820679836
      ],
      [
        400002,
        0.00945984012390095
      ],
      [
        450000,
        0.007929121404915486
      ],
      [
        450001,
        0.00792910896249353
      ],
      [
        450002,
        0.007929097342097147
      ],
      [
        500000,
        0.007023280073298863
      ],
      [
        500001,
        0.007023040601486931
      ],
      [
        500002,
        0.007022806952089818
      ],
      [
        550000,
        0.006467853531584574
      ],
      [
        550001,
        0.006467552133135497
      ],
      [
        550002,
        0.00646738278448989
      ],
      [
        600000,
        0.0052582282917536145
      ],
      [
        600001,
        0.005258212318816621
      ],
      [
        600002,
        0.005258227513354084
      ],
      [
        650000,
        0.0048102281500403115
      ],
      [
        650001,
        0.00481017696341551
      ],
      [
        650002,
        0.004810082533566772
      ],
      [
        700000,
        0.004303516921328135
      ],
      [
        700001,
        0.004303416610776448
      ],
      [
        700002,
        0.004303318442773387
      ],
      [
        750000,
        0.003988836297357707
      ],
      [
        750001,
        0.003988867724675603
      ],
      [
        750002,
        0.00398883126386065
      ],
      [
        800000,
        0.003809191237059837
      ],
      [
        800001,
        0.0038091188188606358
      ],
      [
        800002,
        0.0038092463227005977
      ],
      [
        850000,
        0.004004690224733896
      ],
      [
        850001,
        0.004004608985993863
      ],
      [
        850002,
        0.004004607104237848
      ],
      [
        900000,
        0.0038570335145963718
      ],
      [
        900001,
        0.003857074280719309
      ],
      [
        900002,
        0.0038570757463992477
      ],
      [
        950000,
        0.0034987566264718696
      ],
      [
        950001,
        0.003498807391165668
      ],
      [
        950002,
        0.003498882979162468
      ],
      [
        1000000,
        0.0034674154076320372
      ]
    ]
  },
  "gaussian_mixture_2d": {
    "kl": 0.0338874398479077,
    "ess": 0.00010696274945611579,
    "dt": 0.04,