{
  "LOCR M=3 Q=1.0 a=0.0": {
    "ho_kl": 0.0010306179760311964,
    "ho_erg": 0.9520510871042657,
    "ho_ess": 0.006561930746614735,
    "dw_kl": 0.010894759691875968,
    "dw_ess": 0.0033943756256948248,
    "dw_ttt": 500000
  },
  "LOCR M=3 Q=1.0 a=0.1": {
    "ho_kl": 0.0006692106390667597,
    "ho_erg": 0.9392045995218834,
    "ho_ess": 0.00660185294072765,
    "dw_kl": 0.009070712390727514,
    "dw_ess": 0.003092876446154813,
    "dw_ttt": 500000
  }
}