{
  "part1": {
    "kr10_N3": {
      "kappas": [
        1.0,
        1.7782794100389228,
        3.1622776601683795,
        5.623413251903491,
        10.0
      ],
      "kappa_ratio": 10.0,
      "N": 3,
      "best_tau": 347.7346624533969,
      "best_Qs": [
        0.6632271368510384,
        2.1162107213347654,
        8.065746860416018
      ],
      "loguniform_Qs": [
        0.316227766016838,
        0.5623413251903491,
        1.0
      ],
      "loguniform_tau": 585.2338726222011
    },
    "kr10_N5": {
      "kappas": [
        1.0,
        1.7782794100389228,
        3.1622776601683795,
        5.623413251903491,
        10.0
      ],
      "kappa_ratio": 10.0,
      "N": 5,
      "best_tau": 750.0508480108491,
      "best_Qs": [
        0.4161661785268932,
        1.312644046848994,
        1.5030663166078324,
        4.090287280372566,
        4.875543155172162
      ],
      "loguniform_Qs": [
        0.316227766016838,
        0.4216965034285823,
        0.5623413251903491,
        0.7498942093324559,
        1.0
      ],
      "loguniform_tau": 1572.9082430460423
    },
    "kr100_N3": {
      "kappas": [
        1.0,
        3.1622776601683795,
        10.0,
        31.622776601683793,
        100.0
      ],
      "kappa_ratio": 100.0,
      "N": 3,
      "best_tau": 2395.968170940228,
      "best_Qs": [
        0.3397967263364954,
        2.22068645023295,
        2.8066495408439742
      ],
      "loguniform_Qs": [
        0.10000000000000002,
        0.316227766016838,
        1.0
      ],
      "loguniform_tau": 756.9340420276658
    },
    "kr100_N5": {
      "kappas": [
        1.0,
        3.1622776601683795,
        10.0,
        31.622776601683793,
        100.0
      ],
      "kappa_ratio": 100.0,
      "N": 5,
      "best_tau": 3399.9155976391535,
      "best_Qs": [
        1.2284154803360665,
        1.4763682653066226,
        1.5616945917198686,
        7.056388971989069,
        7.558397160478719
      ],
      "loguniform_Qs": [
        0.10000000000000002,
        0.1778279410038923,
        0.316227766016838,
        0.5623413251903492,
        1.0
      ],
      "loguniform_tau": 1134.7221946208895
    }
  },
  "part2": {
    "gaussian": {
      "kr10": {
        "parallel_N3": {
          "mean": 192.83265693597838,
          "std": 135.936230067006,
          "Qs": [
            0.316227766016838,
            0.5623413251903491,
            1.0
          ]
        },
        "nhc_M3": {
          "mean": 208.51927844973505,
          "std": 41.71064332983505,
          "Qs": [
            1.0,
            1.0,
            1.0
          ]
        },
        "parallel_N5": {
          "mean": 1030.1394154259,
          "std": 577.5899796768298,
          "Qs": [
            0.316227766016838,
            0.4216965034285823,
            0.5623413251903491,
            0.7498942093324559,
            1.0
          ]
        },
        "nhc_M5": {
          "mean": 203.68776922674232,
          "std": 45.574520950194966,
          "Qs": [
            1.0,
            1.0,
            1.0,
            1.0,
            1.0
          ]
        }
      },
      "kr100": {
        "parallel_N3": {
          "mean": 745.676432500208,
          "std": 175.55696593553895,
          "Qs": [
            0.10000000000000002,
            0.316227766016838,
            1.0
          ]
        },
        "nhc_M3": {
          "mean": 1305.3032250263248,
          "std": 753.3739837204029,
          "Qs": [
            1.0,
            1.0,
            1.0
          ]
        },
        "parallel_N5": {
          "mean": 527.2795603746007,
          "std": 126.84930936875918,
          "Qs": [
            0.10000000000000002,
            0.1778279410038923,
            0.316227766016838,
            0.5623413251903492,
            1.0
          ]
        },
        "nhc_M5": {
          "mean": 1539.1249412463276,
          "std": 825.1904830474198,
          "Qs": [
            1.0,
            1.0,
            1.0,
            1.0,
            1.0
          ]
        }
      }
    },
    "mixture": {
      "parallel_N3": {
        "mean": 19.4,
        "std": 14.437451298619157,
        "Qs": [
          0.10000000000000002,
          1.0000000000000004,
          10.000000000000002
        ]
      },
      "nhc_M3": {
        "mean": 13.0,
        "std": 4.242640687119285,
        "Qs": [
          1.0,
          1.0,
          1.0
        ]
      },
      "parallel_N5": {
        "mean": 37.7,
        "std": 15.369124893760215,
        "Qs": [
          0.10000000000000002,
          0.31622776601683805,
          1.0000000000000004,
          3.1622776601683813,
          10.000000000000002
        ]
      },
      "nhc_M5": {
        "mean": 9.0,
        "std": 2.1908902300206643,
        "Qs": [
          1.0,
          1.0,
          1.0,
          1.0,
          1.0
        ]
      }
    }
  },
  "elapsed_sec": 3379.3416090011597,
  "headline_metric_nhc_over_ours": 2.475543000564984
}