{
  "0.1": {
    "tanh_0.500": {
      "spectral_gap": 0.015578200297560844,
      "neg_gap": 0.015578200297560893,
      "alpha": 0.5
    },
    "tanh_1.000": {
      "spectral_gap": 0.041453344344299675,
      "neg_gap": 0.041453344344303145,
      "alpha": 1.0
    },
    "tanh_1.414": {
      "spectral_gap": 0.04055734778580438,
      "neg_gap": 0.04055734778580438,
      "alpha": 1.4142135623730951
    },
    "tanh_2.000": {
      "spectral_gap": 0.04039881524352183,
      "neg_gap": 0.040398815243531686,
      "alpha": 2.0
    },
    "tanh_3.000": {
      "spectral_gap": 0.040443253133681176,
      "neg_gap": 0.040443253133684305,
      "alpha": 3.0
    },
    "tanh_4.000": {
      "spectral_gap": 0.040017345594609295,
      "neg_gap": 0.040017345594609295,
      "alpha": 4.0
    },
    "losc": {
      "spectral_gap": 0.04343314363599991,
      "neg_gap": 0.04343314363600097
    }
  },
  "1.0": {
    "tanh_0.500": {
      "spectral_gap": 0.02056593857352136,
      "neg_gap": 0.02056593857352136,
      "alpha": 0.5
    },
    "tanh_1.000": {
      "spectral_gap": 0.00416116552764279,
      "neg_gap": 0.00416116552764279,
      "alpha": 1.0
    },
    "tanh_1.414": {
      "spectral_gap": 0.04017984607663157,
      "neg_gap": 0.04017984607663271,
      "alpha": 1.4142135623730951
    },
    "tanh_2.000": {
      "spectral_gap": 0.03924734015872407,
      "neg_gap": 0.03924734015872407,
      "alpha": 2.0
    },
    "tanh_3.000": {
      "spectral_gap": 0.034108873625235854,
      "neg_gap": 0.034108873625235854,
      "alpha": 3.0
    },
    "tanh_4.000": {
      "spectral_gap": 0.06590121511522878,
      "neg_gap": 0.06590121511524882,
      "alpha": 4.0
    },
    "losc": {
      "spectral_gap": 0.02921266928621947,
      "neg_gap": 0.02921266928621947
    }
  },
  "10.0": {
    "tanh_0.500": {
      "spectral_gap": 0.012455916446009675,
      "neg_gap": 0.012455916446009675,
      "alpha": 0.5
    },
    "tanh_1.000": {
      "spectral_gap": 0.01098612204341051,
      "neg_gap": 0.01098612204341051,
      "alpha": 1.0
    },
    "tanh_1.414": {
      "spectral_gap": 0.0057773018363619245,
      "neg_gap": 0.0057773018363619245,
      "alpha": 1.4142135623730951
    },
    "tanh_2.000": {
      "spectral_gap": 0.0032567085513874046,
      "neg_gap": 0.003256708551388378,
      "alpha": 2.0
    },
    "tanh_3.000": {
      "spectral_gap": 0.010286734525207092,
      "neg_gap": 0.010286734525208027,
      "alpha": 3.0
    },
    "tanh_4.000": {
      "spectral_gap": 0.012892344789431204,
      "neg_gap": 0.012892344789432564,
      "alpha": 4.0
    },
    "losc": {
      "spectral_gap": 0.01130925359358177,
      "neg_gap": 0.01130925359358177
    }
  }
}