{
  "gaussian_mixture_2d": {
    "NHC3_Q1.0": {
      "kl_mean": 0.28547561120852594,
      "kl_std": 0.2290858053575318,
      "kl_min": 0.11752652101617203,
      "tau_mean": 19.88822607270936,
      "tau_std": 0.3182328970405617,
      "ess_per_fe_mean": 0.0045264602999127304,
      "n_seeds": 3,
      "wall_sec": 35.60465693473816
    },
    "NH_tanh_Q0.05": {
      "kl_mean": 1.1777857786263308,
      "kl_std": 0.1089775278474986,
      "kl_min": 1.0245273590002522,
      "tau_mean": 2793.989634361002,
      "tau_std": 1277.795631051063,
      "ess_per_fe_mean": 4.157392574958949e-05,
      "n_seeds": 3,
      "wall_sec": 23.708559036254883
    },
    "NH_tanh_Q0.1": {
      "kl_mean": 0.7083998711871963,
      "kl_std": 0.07355467002928637,
      "kl_min": 0.6225451870475055,
      "tau_mean": 5756.581752698535,
      "tau_std": 286.0206532538355,
      "ess_per_fe_mean": 1.567433668967789e-05,
      "n_seeds": 3,
      "wall_sec": 18.347167015075684
    },
    "NH_tanh_Q0.3": {
      "kl_mean": 1.4994861714013172,
      "kl_std": 0.4952202364849138,
      "kl_min": 0.8729321013775526,
      "tau_mean": 3086.490667296946,
      "tau_std": 3116.311737890421,
      "ess_per_fe_mean": 0.0014019821458074757,
      "n_seeds": 3,
      "wall_sec": 18.805473804473877
    },
    "NH_tanh_Q1.0": {
      "kl_mean": 1.0522965899669845,
      "kl_std": 0.1567228482722235,
      "kl_min": 0.8442764867005448,
      "tau_mean": 3144.9719579211137,
      "tau_std": 501.2105068135551,
      "ess_per_fe_mean": 2.9311032660580113e-05,
      "n_seeds": 3,
      "wall_sec": 18.038743019104004
    },
    "NH_losc_Q0.05": {
      "kl_mean": 4.898430079172118,
      "kl_std": 0.6919177107404777,
      "kl_min": 3.97861622660324,
      "tau_mean": 27.385549345369835,
      "tau_std": 10.359228439932084,
      "ess_per_fe_mean": 0.003704636107224196,
      "n_seeds": 3,
      "wall_sec": 22.275782823562622
    },
    "NH_losc_Q0.1": {
      "kl_mean": 4.326836136813959,
      "kl_std": 0.7024199072632488,
      "kl_min": 3.414161187327328,
      "tau_mean": 27.955330677964245,
      "tau_std": 11.221744026641511,
      "ess_per_fe_mean": 0.0036814857374731966,
      "n_seeds": 3,
      "wall_sec": 23.19836688041687
    },
    "NH_losc_Q0.3": {
      "kl_mean": 3.625868022487211,
      "kl_std": 0.38658552730056417,
      "kl_min": 3.24608593571579,
      "tau_mean": 20.001794052247998,
      "tau_std": 0.0009963620758725892,
      "ess_per_fe_mean": 0.004499596385616083,
      "n_seeds": 3,
      "wall_sec": 22.448882818222046
    },
    "NH_losc_Q1.0": {
      "kl_mean": 0.9079717478112806,
      "kl_std": 0.0908006818234896,
      "kl_min": 0.8094349166671821,
      "tau_mean": 3220.2991646952123,
      "tau_std": 2656.108290735515,
      "ess_per_fe_mean": 0.0015143946610946598,
      "n_seeds": 3,
      "wall_sec": 22.785109996795654
    }
  },
  "rosenbrock_2d": {
    "NHC3_Q1.0": {
      "kl_mean": 0.050875349021484696,
      "kl_std": 0.0023087837756613845,
      "kl_min": 0.04767021765820112,
      "tau_mean": 46.16705895128106,
      "tau_std": 4.133709393965747,
      "ess_per_fe_mean": 0.001964253223988845,
      "n_seeds": 3,
      "wall_sec": 18.342385292053223
    },
    "NH_tanh_Q0.05": {
      "kl_mean": 0.04460872296624829,
      "kl_std": 0.003966814242127123,
      "kl_min": 0.04068343762524892,
      "tau_mean": 53.98505031484127,
      "tau_std": 7.9525462830920635,
      "ess_per_fe_mean": 0.0017010528466254362,
      "n_seeds": 3,
      "wall_sec": 8.321747064590454
    },
    "NH_tanh_Q0.1": {
      "kl_mean": 0.042790227859238784,
      "kl_std": 0.001364998010178574,
      "kl_min": 0.04115723178442644,
      "tau_mean": 48.22735759618836,
      "tau_std": 2.337740825258253,
      "ess_per_fe_mean": 0.001870707263985324,
      "n_seeds": 3,
      "wall_sec": 8.292811870574951
    },
    "NH_tanh_Q0.3": {
      "kl_mean": 0.03982280304741046,
      "kl_std": 0.001212804214316887,
      "kl_min": 0.03825369998554375,
      "tau_mean": 51.62811408510229,
      "tau_std": 1.8475221702119695,
      "ess_per_fe_mean": 0.0017454517818082521,
      "n_seeds": 3,
      "wall_sec": 8.027312994003296
    },
    "NH_tanh_Q1.0": {
      "kl_mean": 0.043412741932095454,
      "kl_std": 0.0019129676198331076,
      "kl_min": 0.04073055474078095,
      "tau_mean": 55.35556412670985,
      "tau_std": 9.31373765937144,
      "ess_per_fe_mean": 0.0016689130891285907,
      "n_seeds": 3,
      "wall_sec": 8.075448989868164
    },
    "NH_losc_Q0.05": {
      "kl_mean": 0.18011520295006542,
      "kl_std": 0.017166186606587152,
      "kl_min": 0.16101401558757494,
      "tau_mean": 44.12044867483985,
      "tau_std": 3.236461549792819,
      "ess_per_fe_mean": 0.002051325395342033,
      "n_seeds": 3,
      "wall_sec": 7.961906909942627
    },
    "NH_losc_Q0.1": {
      "kl_mean": 0.10445841588993998,
      "kl_std": 0.008597986744029751,
      "kl_min": 0.09255322241340609,
      "tau_mean": 43.0295732712058,
      "tau_std": 1.100867197825955,
      "ess_per_fe_mean": 0.0020929339128350852,
      "n_seeds": 3,
      "wall_sec": 8.171725988388062
    },
    "NH_losc_Q0.3": {
      "kl_mean": 0.05621769640210211,
      "kl_std": 0.005995336673474787,
      "kl_min": 0.0488986660713186,
      "tau_mean": 52.8016379620121,
      "tau_std": 10.77754588424815,
      "ess_per_fe_mean": 0.0017701863484417765,
      "n_seeds": 3,
      "wall_sec": 7.767611980438232
    },
    "NH_losc_Q1.0": {
      "kl_mean": 0.048714907903062626,
      "kl_std": 0.005660950208237812,
      "kl_min": 0.043092220580764715,
      "tau_mean": 53.29360363736064,
      "tau_std": 4.069820533139186,
      "ess_per_fe_mean": 0.0016990116867698472,
      "n_seeds": 3,
      "wall_sec": 7.941896915435791
    }
  }
}