{
  "alpha=0.25": {
    "0.1": {
      "median_tau": 32.504068383889496,
      "n_inf": 0
    },
    "0.3": {
      "median_tau": 31.05105155117182,
      "n_inf": 0
    },
    "1.0": {
      "median_tau": 95.16793546464103,
      "n_inf": 0
    },
    "3.0": {
      "median_tau": 156.02008586601494,
      "n_inf": 0
    },
    "10.0": {
      "median_tau": 223.23269309951877,
      "n_inf": 0
    },
    "30.0": {
      "median_tau": 353.8717741476113,
      "n_inf": 0
    },
    "100.0": {
      "median_tau": 671.6634038149597,
      "n_inf": 0
    },
    "300.0": {
      "median_tau": 1062.222054269024,
      "n_inf": 0
    }
  },
  "alpha=0.5": {
    "0.1": {
      "median_tau": 95.0011493126636,
      "n_inf": 0
    },
    "0.3": {
      "median_tau": 30.87173236197925,
      "n_inf": 0
    },
    "1.0": {
      "median_tau": 95.56854840586489,
      "n_inf": 0
    },
    "3.0": {
      "median_tau": 31.69766615217941,
      "n_inf": 0
    },
    "10.0": {
      "median_tau": 160.3485951354999,
      "n_inf": 0
    },
    "30.0": {
      "median_tau": 284.2840226259611,
      "n_inf": 0
    },
    "100.0": {
      "median_tau": 480.47262867015354,
      "n_inf": 0
    },
    "300.0": {
      "median_tau": 805.924711170847,
      "n_inf": 0
    }
  },
  "alpha=1.0": {
    "0.1": {
      "median_tau": 31.86160728027177,
      "n_inf": 0
    },
    "0.3": {
      "median_tau": 29.437045124463108,
      "n_inf": 0
    },
    "1.0": {
      "median_tau": 94.8955010017072,
      "n_inf": 0
    },
    "3.0": {
      "median_tau": 94.76328132855888,
      "n_inf": 0
    },
    "10.0": {
      "median_tau": 97.37156151068574,
      "n_inf": 0
    },
    "30.0": {
      "median_tau": 219.03625655585478,
      "n_inf": 0
    },
    "100.0": {
      "median_tau": 349.2233114334844,
      "n_inf": 0
    },
    "300.0": {
      "median_tau": 549.0750488077114,
      "n_inf": 0
    }
  },
  "alpha=2.0": {
    "0.1": {
      "median_tau": 27.53968965331244,
      "n_inf": 0
    },
    "0.3": {
      "median_tau": 31.787837987376733,
      "n_inf": 0
    },
    "1.0": {
      "median_tau": 30.521829117054352,
      "n_inf": 0
    },
    "3.0": {
      "median_tau": 31.232052965890507,
      "n_inf": 0
    },
    "10.0": {
      "median_tau": 95.610756552155,
      "n_inf": 0
    },
    "30.0": {
      "median_tau": 157.4594088263248,
      "n_inf": 0
    },
    "100.0": {
      "median_tau": 226.76705076339508,
      "n_inf": 0
    },
    "300.0": {
      "median_tau": 415.0912758375974,
      "n_inf": 0
    }
  },
  "alpha=4.0": {
    "0.1": {
      "median_tau": 210.2505184828714,
      "n_inf": 0
    },
    "0.3": {
      "median_tau": 29.47318783682169,
      "n_inf": 0
    },
    "1.0": {
      "median_tau": 30.25340814602804,
      "n_inf": 0
    },
    "3.0": {
      "median_tau": 29.733599236771642,
      "n_inf": 0
    },
    "10.0": {
      "median_tau": 94.8414330600316,
      "n_inf": 0
    },
    "30.0": {
      "median_tau": 97.06778770484435,
      "n_inf": 0
    },
    "100.0": {
      "median_tau": 161.7365756728129,
      "n_inf": 0
    },
    "300.0": {
      "median_tau": 288.9219856608294,
      "n_inf": 0
    }
  },
  "alpha=8.0": {
    "0.1": {
      "median_tau": 31.708536222168746,
      "n_inf": 0
    },
    "0.3": {
      "median_tau": 206.45700899922903,
      "n_inf": 0
    },
    "1.0": {
      "median_tau": 30.970047950096216,
      "n_inf": 0
    },
    "3.0": {
      "median_tau": 95.05701317546921,
      "n_inf": 0
    },
    "10.0": {
      "median_tau": 94.98457375723794,
      "n_inf": 0
    },
    "30.0": {
      "median_tau": 33.002385790708274,
      "n_inf": 0
    },
    "100.0": {
      "median_tau": 157.1043899214787,
      "n_inf": 0
    },
    "300.0": {
      "median_tau": 222.4660846392077,
      "n_inf": 0
    }
  },
  "log-osc": {
    "0.1": {
      "median_tau": 20.001364709166175,
      "n_inf": 0
    },
    "0.3": {
      "median_tau": 20.003813828654227,
      "n_inf": 0
    },
    "1.0": {
      "median_tau": 20.415590747296356,
      "n_inf": 0
    },
    "3.0": {
      "median_tau": 28.14964348885789,
      "n_inf": 0
    },
    "10.0": {
      "median_tau": 32.31592293508208,
      "n_inf": 0
    },
    "30.0": {
      "median_tau": 156.77848575855333,
      "n_inf": 0
    },
    "100.0": {
      "median_tau": 226.64697104049492,
      "n_inf": 0
    },
    "300.0": {
      "median_tau": 415.6262836967248,
      "n_inf": 0
    }
  }
}