{
  "method": "Crooks DFT on windowed \u0394(\u03c3_bath - \u03c3_exact)",
  "n_traj": 200,
  "n_bins": 15,
  "n_bootstrap": 1000,
  "primary_window_dt": 5.0,
  "primary_n_samples": 800,
  "headline_slope": -0.027715687235754558,
  "headline_slope_CI": [
    -0.2530844598521981,
    0.23322923359876552
  ],
  "gaussian_skew": 0.037000395295190044,
  "gaussian_excess_kurtosis": 5.395966796608141,
  "shapiro_W": 0.9288387505749603,
  "shapiro_p": 4.990797771328002e-19,
  "by_window": {
    "2.0": {
      "window_dt": 2.0,
      "n_samples": 2000,
      "mean": 0.005156832028381512,
      "std": 1.33577765330015,
      "slope": 0.12091936922478777,
      "slope_ci": [
        -0.03641277673910319,
        0.2705053266652957
      ],
      "intercept": -0.13434655374972226,
      "s_vals": [
        0.37119044041534455,
        0.7423808808306893,
        1.1135713212460343,
        1.484761761661379,
        1.8559522020767236,
        2.2271426424920686,
        2.5983330829074136
      ],
      "log_ratios": [
        -0.01632689328742878,
        -0.0891277798960074,
        -0.14077255388108215,
        0.03636764417087479,
        -0.11054187439982384,
        0.26072626246325264,
        0.5533852381847866
      ],
      "bin_edges": [
        -2.783928303115086,
        -2.412737862699741,
        -2.0415474222843963,
        -1.6703569818690516,
        -1.2991665414537068,
        -0.927976101038362,
        -0.5567856606230173,
        -0.18559522020767227,
        0.18559522020767227,
        0.5567856606230168,
        0.9279761010383618,
        1.2991665414537068,
        1.6703569818690513,
        2.041547422284396,
        2.4127378626997413,
        2.783928303115086
      ],
      "bin_counts": [
        23,
        47,
        86,
        81,
        99,
        129,
        247,
        479,
        243,
        118,
        86,
        84,
        77,
        61,
        40
      ]
    },
    "5.0": {
      "window_dt": 5.0,
      "n_samples": 800,
      "mean": 0.012892080070953785,
      "std": 1.4629326007655976,
      "slope": -0.027715687235754558,
      "slope_ci": [
        -0.2530844598521981,
        0.23322923359876552
      ],
      "intercept": 0.15717310112313826,
      "s_vals": [
        0.3897828091438713,
        0.7795656182877426,
        1.169348427431614,
        1.5591312365754848,
        1.9489140457193557,
        2.338696854863227,
        2.7284796640070983
      ],
      "log_ratios": [
        0.13815033848081718,
        0.16251892949777494,
        0.24116205681688804,
        -0.3313571359544425,
        0.4228568508200336,
        0.31015492830383945,
        -0.07410797215372185
      ],
      "bin_edges": [
        -2.923371068579034,
        -2.5335882594351626,
        -2.1438054502912918,
        -1.7540226411474205,
        -1.3642398320035491,
        -0.9744570228596778,
        -0.584674213715807,
        -0.19489140457193566,
        0.19489140457193566,
        0.584674213715807,
        0.9744570228596783,
        1.3642398320035496,
        1.75402264114742,
        2.1438054502912913,
        2.5335882594351626,
        2.923371068579034
      ],
      "bin_counts": [
        14,
        11,
        19,
        39,
        44,
        51,
        81,
        207,
        93,
        60,
        56,
        28,
        29,
        15,
        13
      ]
    },
    "10.0": {
      "window_dt": 10.0,
      "n_samples": 400,
      "mean": 0.02578416014190757,
      "std": 1.4846987867110113,
      "slope": -0.22271669833754573,
      "slope_ci": [
        -0.5536313303672828,
        0.20819971573852408
      ],
      "intercept": 0.3775066487252368,
      "s_vals": [
        0.3338703404207317,
        0.6677406808414637,
        1.0016110212621956,
        1.3354813616829273,
        1.669351702103659,
        2.003222042524391,
        2.3370923829451233
      ],
      "log_ratios": [
        0.1112256351102244,
        0.32158362412746233,
        0.06453852113757116,
        0.6325225587435105,
        -0.15415067982725836,
        -0.2231435513142097,
        -0.6931471805599453
      ],
      "bin_edges": [
        -2.504027553155489,
        -2.1701572127347575,
        -1.8362868723140253,
        -1.5024165318932936,
        -1.1685461914725617,
        -0.8346758510518297,
        -0.500805510631098,
        -0.16693517021036586,
        0.16693517021036586,
        0.5008055106310976,
        0.8346758510518297,
        1.1685461914725614,
        1.5024165318932932,
        1.8362868723140249,
        2.1701572127347575,
        2.504027553155489
      ],
      "bin_counts": [
        10,
        10,
        14,
        17,
        15,
        29,
        34,
        100,
        38,
        40,
        16,
        32,
        12,
        8,
        5
      ]
    }
  },
  "by_time_pointwise": {
    "5.0": {
      "t": 5.0,
      "n_traj": 200,
      "mean": 0.9168665963561535,
      "std": 1.4130967167598762,
      "slope": -2.359846650330777,
      "slope_ci": [
        -3.831613386402994,
        0.3084461899379749
      ]
    },
    "10.0": {
      "t": 10.0,
      "n_traj": 200,
      "mean": 1.0966972931147698,
      "std": 1.3871220893023135,
      "slope": -2.005888830617772,
      "slope_ci": [
        -3.2523149970193446,
        -0.020342931362703244
      ]
    },
    "15.0": {
      "t": 15.0,
      "n_traj": 200,
      "mean": 0.9654188069732461,
      "std": 1.101701470901232,
      "slope": -2.160017361794415,
      "slope_ci": [
        -3.1395171187789774,
        0.06885537135359127
      ]
    },
    "20.0": {
      "t": 20.0,
      "n_traj": 200,
      "mean": 1.174620695836895,
      "std": 1.5019225444535416,
      "slope": -3.36703468820333,
      "slope_ci": [
        -4.882550897458765,
        -1.5358679420965378
      ]
    },
    "25.0": {
      "t": 25.0,
      "n_traj": 200,
      "mean": 0.9684349166399687,
      "std": 1.3034661819276565,
      "slope": -0.07236944539577335,
      "slope_ci": [
        -5.330714974821943,
        2.3764095813258965
      ]
    }
  }
}