{
  "method": "Kraskov-St\u00f6gbauer-Grassberger MI estimator 1 (k=5)",
  "n_traj": 200,
  "k": 5,
  "n_surrogates": 500,
  "mi_empirical": -0.04082272355745076,
  "null_mean": -0.0003750879594227019,
  "null_std": 0.03181655193435163,
  "excess_sigma": -1.2712765255482519,
  "mi_upper_bound_gaussian": 1.6839655432071083,
  "by_time": {
    "5.0": {
      "t": 5.0,
      "mi": -0.012100114755794422,
      "null_mean": -0.0005743764696573627,
      "null_std": 0.03414815184555517,
      "excess_sigma": -0.3375215835476404,
      "linear_corr": 0.04060681933460642
    },
    "10.0": {
      "t": 10.0,
      "mi": -0.02947507396649396,
      "null_mean": -0.007596778937805375,
      "null_std": 0.02918102771317109,
      "excess_sigma": -0.7497438144995024,
      "linear_corr": 0.054763339416809324
    },
    "15.0": {
      "t": 15.0,
      "mi": 0.0022842745376792095,
      "null_mean": 0.006426598046447021,
      "null_std": 0.037418706394332375,
      "excess_sigma": -0.1107019431702008,
      "linear_corr": -0.10093459373126416
    },
    "20.0": {
      "t": 20.0,
      "mi": -0.05110528393775127,
      "null_mean": -0.004872550676313816,
      "null_std": 0.02728798155177616,
      "excess_sigma": -1.694252584190427,
      "linear_corr": 0.04190508510952708
    },
    "25.0": {
      "t": 25.0,
      "mi": -0.04082272355745076,
      "null_mean": 0.003033673889379198,
      "null_std": 0.034599793479023026,
      "excess_sigma": -1.2675335034418334,
      "linear_corr": 0.04406350039023918
    }
  }
}