{
  "exp1": {
    "0.5": {
      "barrier_height": 0.5,
      "dt": 0.02,
      "Qs_parallel": [
        0.7991335502013213,
        1.045366280823912,
        1.3674693808166571,
        1.7888203797785225,
        2.34
      ],
      "parallel": {
        "barrier_crossings": {
          "mean": 753.4,
          "std": 33.236124924545585,
          "values": [
            726.0,
            801.0,
            732.0,
            722.0,
            786.0
          ]
        }
      },
      "nhc_best_Q_ref": 5.0,
      "nhc": {
        "barrier_crossings": {
          "mean": 876.6,
          "std": 111.46945770030462,
          "values": [
            903.0,
            768.0,
            766.0,
            876.0,
            1070.0
          ]
        }
      },
      "langevin_best_gamma": 0.1,
      "langevin": {
        "barrier_crossings": {
          "mean": 749.6,
          "std": 47.718340289662216,
          "values": [
            782.0,
            739.0,
            686.0,
            719.0,
            822.0
          ]
        }
      }
    },
    "1.0": {
      "barrier_height": 1.0,
      "dt": 0.02,
      "Qs_parallel": [
        0.46700455601864005,
        0.6987065305641761,
        1.045366280823912,
        1.564019532207943,
        2.34
      ],
      "parallel": {
        "barrier_crossings": {
          "mean": 617.2,
          "std": 31.29472799050984,
          "values": [
            659.0,
            649.0,
            607.0,
            582.0,
            589.0
          ]
        }
      },
      "nhc_best_Q_ref": 1.0,
      "nhc": {
        "barrier_crossings": {
          "mean": 601.4,
          "std": 26.219077024182223,
          "values": [
            636.0,
            559.0,
            589.0,
            618.0,
            605.0
          ]
        }
      },
      "langevin_best_gamma": 1.0,
      "langevin": {
        "barrier_crossings": {
          "mean": 590.6,
          "std": 16.511813952440235,
          "values": [
            578.0,
            568.0,
            596.0,
            616.0,
            595.0
          ]
        }
      }
    },
    "2.0": {
      "barrier_height": 2.0,
      "dt": 0.02,
      "Qs_parallel": [
        0.27291215002451613,
        0.4670045560186401,
        0.7991335502013213,
        1.3674693808166574,
        2.34
      ],
      "parallel": {
        "barrier_crossings": {
          "mean": 292.4,
          "std": 27.939935576160515,
          "values": [
            321.0,
            254.0,
            269.0,
            325.0,
            293.0
          ]
        }
      },
      "nhc_best_Q_ref": 1.0,
      "nhc": {
        "barrier_crossings": {
          "mean": 318.4,
          "std": 10.89219904335208,
          "values": [
            306.0,
            308.0,
            323.0,
            319.0,
            336.0
          ]
        }
      },
      "langevin_best_gamma": 1.0,
      "langevin": {
        "barrier_crossings": {
          "mean": 287.6,
          "std": 22.383922801868312,
          "values": [
            247.0,
            282.0,
            310.0,
            304.0,
            295.0
          ]
        }
      }
    },
    "4.0": {
      "barrier_height": 4.0,
      "dt": 0.02,
      "Qs_parallel": [
        0.1594867559022939,
        0.31213856719797084,
        0.610900162720037,
        1.1956196639253163,
        2.34
      ],
      "parallel": {
        "barrier_crossings": {
          "mean": 71.0,
          "std": 11.50651989091402,
          "values": [
            86.0,
            55.0,
            81.0,
            71.0,
            62.0
          ]
        }
      },
      "nhc_best_Q_ref": 0.1,
      "nhc": {
        "barrier_crossings": {
          "mean": 60.6,
          "std": 4.029888335921977,
          "values": [
            61.0,
            56.0,
            65.0,
            65.0,
            56.0
          ]
        }
      },
      "langevin_best_gamma": 0.1,
      "langevin": {
        "barrier_crossings": {
          "mean": 64.4,
          "std": 15.357083056361974,
          "values": [
            88.0,
            63.0,
            55.0,
            43.0,
            73.0
          ]
        }
      }
    },
    "8.0": {
      "barrier_height": 8.0,
      "dt": 0.01875,
      "Qs_parallel": [
        0.09320224587272104,
        0.20862855378334533,
        0.4670045560186401,
        1.0453662808239117,
        2.34
      ],
      "parallel": {
        "barrier_crossings": {
          "mean": 1.2,
          "std": 0.4000000000000001,
          "values": [
            1.0,
            2.0,
            1.0,
            1.0,
            1.0
          ]
        }
      },
      "nhc_best_Q_ref": 0.1,
      "nhc": {
        "barrier_crossings": {
          "mean": 2.2,
          "std": 1.16619037896906,
          "values": [
            1.0,
            2.0,
            3.0,
            4.0,
            1.0
          ]
        }
      },
      "langevin_best_gamma": 10.0,
      "langevin": {
        "barrier_crossings": {
          "mean": 1.6,
          "std": 1.3564659966250538,
          "values": [
            0.0,
            2.0,
            3.0,
            0.0,
            3.0
          ]
        }
      }
    }
  },
  "exp2": {
    "3": {
      "n_modes": 3,
      "Qs_parallel": [
        0.14557319682096598,
        0.2228260211848874,
        0.34107539575538753,
        0.5220773811383936,
        0.7991335502013213
      ],
      "parallel": {
        "mode_crossings": {
          "mean": 0.4,
          "std": 0.48989794855663565,
          "values": [
            0.0,
            0.0,
            0.0,
            1.0,
            1.0
          ]
        },
        "modes_visited": {
          "mean": 0.4666666666666666,
          "std": 0.1632993161855452,
          "values": [
            0.3333333333333333,
            0.3333333333333333,
            0.3333333333333333,
            0.6666666666666666,
            0.6666666666666666
          ]
        }
      },
      "nhc_best_Q_ref": null,
      "nhc": {
        "mode_crossings": {
          "mean": 0
        },
        "modes_visited": {
          "mean": 0
        }
      },
      "langevin_best_gamma": null,
      "langevin": {
        "mode_crossings": {
          "mean": 0
        },
        "modes_visited": {
          "mean": 0
        }
      }
    },
    "5": {
      "n_modes": 5,
      "Qs_parallel": [
        0.14557319682096598,
        0.2228260211848874,
        0.34107539575538753,
        0.5220773811383936,
        0.7991335502013213
      ],
      "parallel": {
        "mode_crossings": {
          "mean": 22.2,
          "std": 9.389355675444401,
          "values": [
            18.0,
            23.0,
            14.0,
            16.0,
            40.0
          ]
        },
        "modes_visited": {
          "mean": 1.0,
          "std": 0.0,
          "values": [
            1.0,
            1.0,
            1.0,
            1.0,
            1.0
          ]
        }
      },
      "nhc_best_Q_ref": 0.1,
      "nhc": {
        "mode_crossings": {
          "mean": 11.6,
          "std": 2.4166091947189146,
          "values": [
            11.0,
            16.0,
            9.0,
            10.0,
            12.0
          ]
        },
        "modes_visited": {
          "mean": 0.9199999999999999,
          "std": 0.0979795897113271,
          "values": [
            0.8,
            1.0,
            1.0,
            0.8,
            1.0
          ]
        }
      },
      "langevin_best_gamma": 1.0,
      "langevin": {
        "mode_crossings": {
          "mean": 10.6,
          "std": 1.8547236990991407,
          "values": [
            11.0,
            12.0,
            11.0,
            12.0,
            7.0
          ]
        },
        "modes_visited": {
          "mean": 0.8800000000000001,
          "std": 0.16,